{
  "state": "Andaman & Nicobar Islands",
  "slug": "andaman-nicobar",
  "region": "Islands",
  "annual": {
    "fiscal_years": [
      "2017-18",
      "2018-19",
      "2019-20",
      "2020-21",
      "2021-22",
      "2022-23",
      "2023-24",
      "2024-25",
      "2025-26"
    ],
    "composite_score": [
      -0.6592125710457745,
      -0.6569541526767005,
      -0.7060952145515343,
      -0.7207923087663389,
      -0.6949690314678986,
      -0.6204124919473895,
      -0.6461748602105709,
      -0.6485430054985811,
      null
    ],
    "rank": [
      25.0,
      25.0,
      25.0,
      25.0,
      25.0,
      25.0,
      25.0,
      25.0,
      null
    ],
    "rank_change": [
      null,
      0.0,
      0.0,
      0.0,
      0.0,
      0.0,
      0.0,
      0.0,
      null
    ],
    "gst_total": [
      162.43189180000002,
      247.3203973,
      360.6125684,
      255.3574961,
      331.945159,
      373.01,
      428.06,
      482.4,
      363.52
    ],
    "electricity_mu": [
      null,
      null,
      null,
      null,
      null,
      null,
      null,
      null,
      null
    ],
    "bank_credit_yoy": [
      264.0,
      338.0,
      380.0,
      251.0,
      650.0,
      243.0,
      425.0,
      355.0,
      null
    ],
    "epfo_payroll": [
      238.0,
      2636.0,
      1591.0,
      1881.0,
      1524.0,
      2682.0,
      2188.0,
      1764.0,
      null
    ],
    "gst_zscore": [
      -0.7133692300994022,
      -0.7197096876640862,
      -0.6974958414457716,
      -0.7119875143994968,
      -0.6950668317754269,
      -0.6802093356791885,
      -0.6667345948893868,
      -0.6561532850965747,
      -0.6500763848277133
    ],
    "electricity_zscore": [
      null,
      null,
      null,
      null,
      null,
      null,
      null,
      null,
      null
    ],
    "credit_zscore": [
      -0.6974159558955453,
      -0.6430337331356607,
      -0.7608658157690938,
      -0.7189698853790374,
      -0.7304299841953823,
      -0.5112961416041291,
      -0.5960821211724756,
      -0.6257766390567914,
      null
    ],
    "epfo_zscore": [
      -0.5668525271423759,
      -0.608119037230355,
      -0.6599239864397378,
      -0.7314195265204827,
      -0.6594102784328868,
      -0.6697319985588507,
      -0.6757078645698502,
      -0.6636990923423773,
      null
    ],
    "n_components": [
      3,
      3,
      3,
      3,
      3,
      3,
      3,
      3,
      1
    ]
  },
  "monthly": {
    "months": [
      "2017-07",
      "2017-08",
      "2017-09",
      "2017-10",
      "2017-11",
      "2017-12",
      "2018-01",
      "2018-02",
      "2018-03",
      "2018-05",
      "2018-06",
      "2018-07",
      "2018-08",
      "2018-09",
      "2018-10",
      "2018-11",
      "2018-12",
      "2019-01",
      "2019-02",
      "2019-03",
      "2019-04",
      "2019-05",
      "2019-06",
      "2019-07",
      "2019-08",
      "2019-09",
      "2019-10",
      "2019-11",
      "2019-12",
      "2020-01",
      "2020-02",
      "2020-03",
      "2020-04",
      "2020-05",
      "2020-06",
      "2020-07",
      "2020-08",
      "2020-09",
      "2020-10",
      "2020-11",
      "2020-12",
      "2021-01",
      "2021-02",
      "2021-03",
      "2021-04",
      "2021-05",
      "2021-06",
      "2021-07",
      "2021-08",
      "2021-09",
      "2021-10",
      "2021-11",
      "2021-12",
      "2022-01",
      "2022-02",
      "2022-03",
      "2022-04",
      "2022-05",
      "2022-06",
      "2022-07",
      "2022-08",
      "2022-09",
      "2022-10",
      "2022-11",
      "2022-12",
      "2023-01",
      "2023-02",
      "2023-03",
      "2023-04",
      "2023-05",
      "2023-06",
      "2023-07",
      "2023-08",
      "2023-09",
      "2023-10",
      "2023-11",
      "2023-12",
      "2024-01",
      "2024-02",
      "2024-03",
      "2024-04",
      "2024-05",
      "2024-06",
      "2024-07",
      "2024-08",
      "2024-09",
      "2024-10",
      "2024-11",
      "2024-12",
      "2025-01",
      "2025-02",
      "2025-03",
      "2025-04",
      "2025-05",
      "2025-06",
      "2025-07",
      "2025-08",
      "2025-09",
      "2025-10",
      "2025-11"
    ],
    "gst_total": [
      2.7e-06,
      7.6944589,
      26.1815554,
      18.5947549,
      23.1300014,
      14.8160092,
      14.5104666,
      20.2445128,
      37.2601299,
      16.211403,
      27.6961953,
      14.4157251,
      13.5971131,
      22.9127775,
      12.9082459,
      30.7717113,
      21.8816281,
      34.5372404,
      24.7650441,
      27.6233135,
      37.721889,
      39.4096636,
      20.8454805,
      22.3986968,
      30.4726876,
      18.7489096,
      31.7340172,
      24.9120639,
      29.7817935,
      29.9948711,
      36.0085424,
      38.5839532,
      11.1872284,
      7.8299643,
      54.178184,
      17.5315091,
      12.5750366,
      19.0580479,
      18.5397392,
      23.1153796,
      21.9096593,
      20.5143049,
      23.2616838,
      25.656759,
      60.5965022,
      48.2976079,
      11.547097800000001,
      18.564182399999996,
      19.829574199999996,
      19.5998006,
      25.8656632,
      24.1847307,
      25.869999999999997,
      28.680000000000003,
      22.01,
      26.9,
      87.42,
      24.330000000000002,
      22.36,
      23.41,
      15.74,
      33.11000000000001,
      23.410000000000004,
      22.58,
      21.04,
      31.55,
      30.69,
      37.370000000000005,
      91.92999999999999,
      30.91,
      35.980000000000004,
      30.8,
      21.23,
      23.339999999999996,
      28.64,
      31.03,
      28.32,
      34.49999999999999,
      39.169999999999995,
      32.21,
      64.55,
      36.56999999999999,
      30.94,
      39.239999999999995,
      27.309999999999995,
      28.669999999999998,
      27.81,
      32.07,
      48.62,
      43.480000000000004,
      51.68999999999999,
      51.45,
      78.17999999999999,
      53.04,
      32.019999999999996,
      51.599999999999994,
      36.87,
      34.989999999999995,
      36.04,
      40.78
    ],
    "electricity_mu": [
      null,
      null,
      null,
      null,
      null,
      null,
      null,
      null,
      null,
      null,
      null,
      null,
      null,
      null,
      null,
      null,
      null,
      null,
      null,
      null,
      null,
      null,
      null,
      null,
      null,
      null,
      null,
      null,
      null,
      null,
      null,
      null,
      null,
      null,
      null,
      null,
      null,
      null,
      null,
      null,
      null,
      null,
      null,
      null,
      null,
      null,
      null,
      null,
      null,
      null,
      null,
      null,
      null,
      null,
      null,
      null,
      null,
      null,
      null,
      null,
      null,
      null,
      null,
      null,
      null,
      null,
      null,
      null,
      null,
      null,
      null,
      null,
      null,
      null,
      null,
      null,
      null,
      null,
      null,
      null,
      null,
      null,
      null,
      null,
      null,
      null,
      null,
      null,
      null,
      null,
      null,
      null,
      null,
      null,
      null,
      null,
      null,
      null,
      null,
      null
    ],