{
  "state": "Andhra Pradesh",
  "slug": "andhra-pradesh",
  "region": "Southern",
  "annual": {
    "fiscal_years": [
      "2017-18",
      "2018-19",
      "2019-20",
      "2020-21",
      "2021-22",
      "2022-23",
      "2023-24",
      "2024-25",
      "2025-26"
    ],
    "composite_score": [
      0.3802404640424824,
      0.2845237361566193,
      0.3925196336321223,
      0.7095049230054098,
      0.2814316426895654,
      0.1806423580941906,
      0.1821958525331297,
      0.10453925376737888,
      null
    ],
    "rank": [
      10.0,
      10.0,
      9.0,
      7.0,
      10.0,
      12.0,
      11.0,
      12.0,
      null
    ],
    "rank_change": [
      null,
      0.0,
      1.0,
      2.0,
      -3.0,
      -2.0,
      1.0,
      -1.0,
      null
    ],
    "gst_total": [
      14326.7129412,
      23080.2671287,
      27108.0802051,
      26163.1288548,
      32710.4090376,
      40232.46,
      44298.36,
      44824.509999999995,
      30042.100000000002
    ],
    "electricity_mu": [
      58094.8,
      64088.9,
      64373.1,
      61988.1,
      68277.8,
      72043.3,
      80787.24,
      79444.75,
      68394.44
    ],
    "bank_credit_yoy": [
      57125.0,
      64407.0,
      45258.0,
      67706.0,
      64024.0,
      90712.0,
      122229.0,
      69026.0,
      null
    ],
    "epfo_payroll": [
      54286.0,
      151024.0,
      162166.0,
      187986.0,
      273104.0,
      290842.0,
      250100.0,
      245747.0,
      null
    ],
    "gst_zscore": [
      -0.04961512279187737,
      0.015168903456054653,
      0.02662006222753827,
      0.06608352857559735,
      0.053803082047284845,
      0.06658254413954266,
      0.03399390246808842,
      -0.022339828877173555,
      -0.04684378232964539
    ],
    "electricity_zscore": [
      0.5470990809807561,
      0.6050121698357279,
      0.6085127235951058,
      0.5712531367236606,
      0.59148666791902,
      0.5495704496526365,
      0.615675213572903,
      0.5202189040853622,
      0.5109318446959527
    ],
    "credit_zscore": [
      0.9559056362870947,
      0.6469911098455327,
      1.160548732302163,
      2.3625729549763186,
      0.6695769664522606,
      0.3275257660253467,
      0.34494008479306326,
      0.18296219356743543,
      null
    ],
    "epfo_zscore": [
      0.06757226169395632,
      -0.12907723851083805,
      -0.22560298359631803,
      -0.1618899282539373,
      -0.1891401456603039,
      -0.22110932744076336,
      -0.26582579070153584,
      -0.2626842537061085,
      null
    ],
    "n_components": [
      4,
      4,
      4,
      4,
      4,
      4,
      4,
      4,
      2
    ]
  },
  "monthly": {
    "months": [
      "2017-04",
      "2017-05",
      "2017-06",
      "2017-07",
      "2017-08",
      "2017-09",
      "2017-10",
      "2017-11",
      "2017-12",
      "2018-01",
      "2018-02",
      "2018-03",
      "2018-04",
      "2018-05",
      "2018-06",
      "2018-07",
      "2018-08",
      "2018-09",
      "2018-10",
      "2018-11",
      "2018-12",
      "2019-01",
      "2019-02",
      "2019-03",
      "2019-04",
      "2019-05",
      "2019-06",
      "2019-07",
      "2019-08",
      "2019-09",
      "2019-10",
      "2019-11",
      "2019-12",
      "2020-01",
      "2020-02",
      "2020-03",
      "2020-04",
      "2020-05",
      "2020-06",
      "2020-07",
      "2020-08",
      "2020-09",
      "2020-10",
      "2020-11",
      "2020-12",
      "2021-01",
      "2021-02",
      "2021-03",
      "2021-04",
      "2021-05",
      "2021-06",
      "2021-07",
      "2021-08",
      "2021-09",
      "2021-10",
      "2021-11",
      "2021-12",
      "2022-01",
      "2022-02",
      "2022-03",
      "2022-04",
      "2022-05",
      "2022-06",
      "2022-07",
      "2022-08",
      "2022-09",
      "2022-10",
      "2022-11",
      "2022-12",
      "2023-01",
      "2023-02",
      "2023-03",
      "2023-04",
      "2023-05",
      "2023-06",
      "2023-07",
      "2023-08",
      "2023-09",
      "2023-10",
      "2023-11",
      "2023-12",
      "2024-01",
      "2024-02",
      "2024-03",
      "2024-04",
      "2024-05",
      "2024-06",
      "2024-07",
      "2024-08",
      "2024-09",
      "2024-10",
      "2024-11",
      "2024-12",
      "2025-01",
      "2025-02",
      "2025-03",
      "2025-04",
      "2025-05",
      "2025-06",
      "2025-07",
      "2025-08",
      "2025-09",
      "2025-10",
      "2025-11",
      "2025-12",
      "2026-01",
      "2026-02"
    ],
    "gst_total": [
      null,
      null,
      null,
      9.5160286,
      1889.3481197,
      1802.0369983,
      1828.5840975,
      1667.5803697,
      1584.9182958,
      1920.7991431,
      1758.4792027,
      1865.4506858,
      null,
      1962.0840693,
      1935.5937866,
      2026.1404417,
      1890.7621273,
      2023.2941336,
      2212.2611129,
      2144.9179483,
      2048.7625779,
      2158.734779,
      2088.3804709,
      2589.3356812,
      2559.2019805,
      2142.3915774,
      2231.5520441,
      2138.4083272,
      2115.1392756,
      1984.9769643,
      1974.8784947,
      2229.598983,
      2264.9279148,
      2355.5502272,
      2563.3252026,
      2548.1292137,
      548.764074,
      1227.9980524,
      2367.0688791,
      2138.2024822,
      1955.0215675,
      2140.6494648,
      2480.3627678,
      2506.5938519,
      2580.9004898,
      2879.905473,
      2652.5727811,
      2685.0889712,
      3345.2971939999993,
      2073.8972562,
      2050.7746559999996,
      2730.3412918,
      2591.4917609,
      2594.5175913,
      2879.0060126,
      2749.6332748,
      2532.4,
      2831.3199999999997,
      3157.2799999999997,
      3174.45,
      4067.12,
      3046.7000000000003,
      2986.5099999999998,
      3408.96,
      3172.5599999999995,
      3131.5200000000004,
      3579.29,
      3133.5499999999997,
      3182.41,
      3434.6600000000003,
      3557.3399999999997,
      3531.84,
      4329.38,
      3373.2000000000003,
      3477.42,
      3593.4099999999994,
      3478.72,
      3657.85,
      3403.26,
      4093.12,
      3544.74,
      3587.24,
      3678.1000000000004,
      4081.92,
      4849.5199999999995,
      3890.4699999999993,
      3650.8100000000004,
      3346.1400000000003,
      3298.08,
      3506.46,
      3815.04,
      3699.4199999999996,
      3315.06,
      3603.5099999999998,
      3816.7499999999995,
      4033.25,
      4686.43,
      3803.43,
      3634.3700000000003,
      3803.4700000000003,
      3988.9700000000003,
      3652.9799999999996,
      3489.68,
      2982.7700000000004,
      null,
      null,
      null
    ],