{
  "state": "Arunachal Pradesh",
  "slug": "arunachal-pradesh",
  "region": "North-Eastern",
  "annual": {
    "fiscal_years": [
      "2017-18",
      "2018-19",
      "2019-20",
      "2020-21",
      "2021-22",
      "2022-23",
      "2023-24",
      "2024-25",
      "2025-26"
    ],
    "composite_score": [
      -0.7068189217775533,
      -0.7105252235963259,
      -0.7479375346578052,
      -0.7426391629885851,
      -0.7390885442405757,
      -0.679149748146394,
      -0.6983803241328305,
      -0.7014501010194437,
      null
    ],
    "rank": [
      30.0,
      31.0,
      31.0,
      30.0,
      32.0,
      32.0,
      30.0,
      30.0,
      null
    ],
    "rank_change": [
      null,
      -1.0,
      0.0,
      1.0,
      -2.0,
      0.0,
      2.0,
      0.0,
      null
    ],
    "gst_total": [
      120.3341059,
      365.1269665,
      581.1050211,
      650.6334185,
      709.6157177,
      1022.87,
      1307.52,
      1200.76,
      1015.5300000000001
    ],
    "electricity_mu": [
      768.5,
      791.1,
      789.9000000000001,
      739.4,
      832.8,
      868.0,
      1012.38,
      1054.85,
      1044.94
    ],
    "bank_credit_yoy": [
      519.0,
      507.0,
      469.0,
      1559.0,
      156.0,
      1457.0,
      1562.0,
      1581.0,
      null
    ],
    "epfo_payroll": [
      1400.0,
      1236.0,
      1124.0,
      1374.0,
      1571.0,
      2662.0,
      2416.0,
      1435.0,
      null
    ],
    "gst_zscore": [
      -0.7153419795952803,
      -0.7159180821995433,
      -0.6915266000279061,
      -0.700116452819303,
      -0.6863318244629283,
      -0.6680337996138639,
      -0.6526872169529241,
      -0.6458852524204172,
      -0.6368239418484749
    ],
    "electricity_zscore": [
      -0.8687195015391003,
      -0.8739132173029179,
      -0.88198106293877,
      -0.8782525235564422,
      -0.8693504285624597,
      -0.878762034379681,
      -0.8782051853018815,
      -0.8843372802650807,
      -0.8875829571095207
    ],
    "credit_zscore": [
      -0.6900014361718932,
      -0.6396309299318675,
      -0.7570553541892922,
      -0.6592165974806636,
      -0.7413430310855886,
      -0.5000400229793827,
      -0.5872979905348708,
      -0.6113380287438892,
      null
    ],
    "epfo_zscore": [
      -0.5532127698039393,
      -0.6126386649509747,
      -0.6611871214752532,
      -0.7329710780979316,
      -0.6593288928513259,
      -0.6697631356126484,
      -0.6753309037416452,
      -0.6642398426483878,
      null
    ],
    "n_components": [
      4,
      4,
      4,
      4,
      4,
      4,
      4,
      4,
      2
    ]
  },
  "monthly": {
    "months": [
      "2017-04",
      "2017-05",
      "2017-06",
      "2017-07",
      "2017-08",
      "2017-09",
      "2017-10",
      "2017-11",
      "2017-12",
      "2018-01",
      "2018-02",
      "2018-03",
      "2018-04",
      "2018-05",
      "2018-06",
      "2018-07",
      "2018-08",
      "2018-09",
      "2018-10",
      "2018-11",
      "2018-12",
      "2019-01",
      "2019-02",
      "2019-03",
      "2019-04",
      "2019-05",
      "2019-06",
      "2019-07",
      "2019-08",
      "2019-09",
      "2019-10",
      "2019-11",
      "2019-12",
      "2020-01",
      "2020-02",
      "2020-03",
      "2020-04",
      "2020-05",
      "2020-06",
      "2020-07",
      "2020-08",
      "2020-09",
      "2020-10",
      "2020-11",
      "2020-12",
      "2021-01",
      "2021-02",
      "2021-03",
      "2021-04",
      "2021-05",
      "2021-06",
      "2021-07",
      "2021-08",
      "2021-09",
      "2021-10",
      "2021-11",
      "2021-12",
      "2022-01",
      "2022-02",
      "2022-03",
      "2022-04",
      "2022-05",
      "2022-06",
      "2022-07",
      "2022-08",
      "2022-09",
      "2022-10",
      "2022-11",
      "2022-12",
      "2023-01",
      "2023-02",
      "2023-03",
      "2023-04",
      "2023-05",
      "2023-06",
      "2023-07",
      "2023-08",
      "2023-09",
      "2023-10",
      "2023-11",
      "2023-12",
      "2024-01",
      "2024-02",
      "2024-03",
      "2024-04",
      "2024-05",
      "2024-06",
      "2024-07",
      "2024-08",
      "2024-09",
      "2024-10",
      "2024-11",
      "2024-12",
      "2025-01",
      "2025-02",
      "2025-03",
      "2025-04",
      "2025-05",
      "2025-06",
      "2025-07",
      "2025-08",
      "2025-09",
      "2025-10",
      "2025-11",
      "2025-12",
      "2026-01",
      "2026-02"
    ],
    "gst_total": [
      null,
      null,
      null,
      3e-07,
      12.8538896,
      9.3727277,
      12.643239,
      11.2147837,
      11.8974122,
      16.4643809,
      13.4526942,
      32.4349783,
      null,
      29.6517534,
      26.8217638,
      28.6449933,
      22.6704594,
      25.9504929,
      28.2007335,
      21.7079814,
      25.9498606,
      38.2330325,
      31.957233,
      85.3386627,
      56.7022233,
      36.5327757,
      48.085217,
      48.7141929,
      44.7562087,
      44.3087775,
      40.9714799,
      35.6099517,
      58.2182075,
      52.1435966,
      48.3566218,
      66.7057685,
      42.6669263,
      38.702264,
      49.3940031,
      32.8771947,
      35.0445703,
      35.4304505,
      97.568129,
      59.9874408,
      45.5630516,
      60.0061484,
      61.3636328,
      92.029607,
      103.2397141,
      36.4880532,
      33.0923679,
      55.4902366,
      53.3489606,
      55.276151899999995,
      46.5327197,
      40.2775137,
      52.73,
      72.16,
      55.989999999999995,
      104.99,
      196.21,
      81.63,
      58.519999999999996,
      65.41,
      59.3,
      63.91,
      64.83000000000001,
      62.400000000000006,
      67.22,
      80.98,
      78.02000000000001,
      144.43999999999997,
      238.37000000000003,
      120.28999999999999,
      90.60999999999999,
      73.69,
      82.42,
      81.17,
      86.50999999999999,
      92.23,
      96.68,
      76.89000000000001,
      101.02000000000001,
      167.64,
      200.07999999999998,
      98.27000000000001,
      91.10999999999999,
      80.77,
      73.80000000000001,
      92.02,
      58.34,
      70.9,
      70.41999999999999,
      88.74000000000001,
      102.12,
      174.18999999999997,
      332.15000000000003,
      150.8,
      88.21,
      88.26,
      88.32000000000001,
      92.77,
      83.79,
      91.23,
      null,
      null,
      null
    ],
    "electricity_mu": [
      58.7,
      61.0,
      57.7,
      60.4,
      64.7,
      64.5,
      72.6,
      68.8,
      67.1,
      67.1,
      62.199999999999996,
      63.7,
      62.5,
      65.0,
      62.5,
      68.8,
      70.4,
      69.2,
      66.6,
      64.2,
      66.2,
      68.10000000000001,
      60.6,
      67.0,
      63.5,
      65.2,
      64.2,
      69.9,
      70.2,
      64.6,
      65.60000000000001,
      62.400000000000006,
      66.8,
      68.9,
      64.10000000000001,
      64.5,
      44.8,
      54.6,
      59.9,
      58.4,
      58.9,
      62.900000000000006,
      66.1,
      61.2,
      68.3,
      71.0,
      64.3,
      69.0,
      63.400000000000006,
      64.4,
      65.2,
      71.0,
      71.6,
      70.7,
      70.39999999999999,
      68.0,
      70.89999999999999,
      74.8,
      70.1,
      72.3,
      66.7,
      72.6,
      73.0,
      78.9,
      77.9,
      67.3,
      67.7,
      65.2,
      72.5,
      79.1,
      69.3,
      77.8,
      73.6,
      77.21000000000001,
      81.63,
      82.93,
      89.74,
      90.47,
      83.72,
      79.31,
      87.45,
      88.73,
      89.22,
      88.37,
      75.41,
      86.02,
      84.19,
      89.67,
      89.01,
      95.72,
      83.73,
      78.33,
      87.71000000000001,
      95.37,
      94.06,
      95.63,
      86.42999999999999,
      97.46,
      100.0,
      118.62,
      115.78,
      114.41,
      95.53999999999999,
      83.97,
      99.09,
      101.53,
      32.11
    ],