{
  "state": "Assam",
  "slug": "assam",
  "region": "North-Eastern",
  "annual": {
    "fiscal_years": [
      "2017-18",
      "2018-19",
      "2019-20",
      "2020-21",
      "2021-22",
      "2022-23",
      "2023-24",
      "2024-25",
      "2025-26"
    ],
    "composite_score": [
      -0.439792753320426,
      -0.5011341238150916,
      -0.5364675908668489,
      -0.49213548130782514,
      -0.5398516647891128,
      -0.5077192722661169,
      -0.5277625914759835,
      -0.5256747257163751,
      null
    ],
    "rank": [
      20.0,
      20.0,
      20.0,
      20.0,
      20.0,
      20.0,
      20.0,
      20.0,
      null
    ],
    "rank_change": [
      null,
      0.0,
      0.0,
      0.0,
      0.0,
      0.0,
      0.0,
      0.0,
      null
    ],
    "gst_total": [
      4968.7668574,
      8309.1679355,
      10423.3446103,
      10030.283223,
      12006.881339399999,
      13710.369999999999,
      15601.51,
      17415.21,
      12391.070000000002
    ],
    "electricity_mu": [
      9115.3,
      9553.6,
      9553.1,
      9780.7,
      10975.5,
      11505.1,
      12273.38,
      12854.48,
      12107.69
    ],
    "bank_credit_yoy": [
      8432.0,
      10174.0,
      5594.0,
      10281.0,
      12757.0,
      16382.0,
      21270.0,
      20829.0,
      null
    ],
    "epfo_payroll": [
      35875.0,
      57770.0,
      58275.0,
      36634.0,
      23284.0,
      64432.0,
      57470.0,
      21654.0,
      null
    ],
    "gst_zscore": [
      -0.4881389792037587,
      -0.4602390538299341,
      -0.425074376920101,
      -0.4184236045582454,
      -0.4250414073426035,
      -0.4303255027055988,
      -0.4243731608844043,
      -0.41412053497245027,
      -0.40561016413333917
    ],
    "electricity_zscore": [
      -0.662574075363388,
      -0.6691812407602516,
      -0.6765573794790879,
      -0.664282014365382,
      -0.6496627954023634,
      -0.6652987196356595,
      -0.6673293884439623,
      -0.6729166343713238,
      -0.6578645535033544
    ],
    "credit_zscore": [
      -0.45991871235519594,
      -0.44498655968886086,
      -0.5376327070377882,
      -0.2607699789412015,
      -0.4629719706331799,
      -0.36165652176493435,
      -0.43503972614972053,
      -0.3846542022326819,
      null
    ],
    "epfo_zscore": [
      -0.14853924635936133,
      -0.4301296409813197,
      -0.5066059000304187,
      -0.6250663273664715,
      -0.6217304857783047,
      -0.573596344958275,
      -0.584308090425847,
      -0.6310075312890442,
      null
    ],
    "n_components": [
      4,
      4,
      4,
      4,
      4,
      4,
      4,
      4,
      2
    ]
  },
  "monthly": {
    "months": [
      "2017-04",
      "2017-05",
      "2017-06",
      "2017-07",
      "2017-08",
      "2017-09",
      "2017-10",
      "2017-11",
      "2017-12",
      "2018-01",
      "2018-02",
      "2018-03",
      "2018-04",
      "2018-05",
      "2018-06",
      "2018-07",
      "2018-08",
      "2018-09",
      "2018-10",
      "2018-11",
      "2018-12",
      "2019-01",
      "2019-02",
      "2019-03",
      "2019-04",
      "2019-05",
      "2019-06",
      "2019-07",
      "2019-08",
      "2019-09",
      "2019-10",
      "2019-11",
      "2019-12",
      "2020-01",
      "2020-02",
      "2020-03",
      "2020-04",
      "2020-05",
      "2020-06",
      "2020-07",
      "2020-08",
      "2020-09",
      "2020-10",
      "2020-11",
      "2020-12",
      "2021-01",
      "2021-02",
      "2021-03",
      "2021-04",
      "2021-05",
      "2021-06",
      "2021-07",
      "2021-08",
      "2021-09",
      "2021-10",
      "2021-11",
      "2021-12",
      "2022-01",
      "2022-02",
      "2022-03",
      "2022-04",
      "2022-05",
      "2022-06",
      "2022-07",
      "2022-08",
      "2022-09",
      "2022-10",
      "2022-11",
      "2022-12",
      "2023-01",
      "2023-02",
      "2023-03",
      "2023-04",
      "2023-05",
      "2023-06",
      "2023-07",
      "2023-08",
      "2023-09",
      "2023-10",
      "2023-11",
      "2023-12",
      "2024-01",
      "2024-02",
      "2024-03",
      "2024-04",
      "2024-05",
      "2024-06",
      "2024-07",
      "2024-08",
      "2024-09",
      "2024-10",
      "2024-11",
      "2024-12",
      "2025-01",
      "2025-02",
      "2025-03",
      "2025-04",
      "2025-05",
      "2025-06",
      "2025-07",
      "2025-08",
      "2025-09",
      "2025-10",
      "2025-11",
      "2025-12",
      "2026-01",
      "2026-02"
    ],
    "gst_total": [
      null,
      null,
      null,
      0.3237936,
      703.2198764,
      672.7667646,
      624.5523746,
      654.0682412,
      589.5067777,
      577.9540408,
      527.8636823,
      618.5113062,
      null,
      924.3891455,
      662.6563498,
      661.0195309,
      645.9678677,
      696.7486992,
      756.7911043,
      739.4927808,
      743.1679293,
      786.8943514,
      736.3143338,
      955.7258428,
      932.355112,
      769.61159,
      797.5868816,
      794.6470041,
      768.2109556,
      848.4602194,
      888.1387602,
      957.5707426,
      990.6927894,
      820.4764316,
      923.8736768,
      931.720447,
      264.4730451,
      508.0018522,
      966.4819718,
      722.8169468,
      708.9744407,
      912.4235927,
      1016.6602686,
      945.9234866,
      983.812266,
      1050.2278774,
      945.8397408,
      1004.6477343,
      1150.5868192,
      769.6145762,
      661.8196487,
      881.9521274,
      958.7758529999999,
      967.9205107999999,
      1425.2691813,
      991.5326227999999,
      1014.63,
      1062.3799999999999,
      1007.8,
      1114.6000000000001,
      1312.52,
      1062.18,
      972.07,
      1040.4899999999998,
      1055.1699999999998,
      1156.83,
      1243.95,
      1080.49,
      1150.0599999999997,
      1245.75,
      1110.53,
      1280.33,
      1512.81,
      1217.15,
      1213.05,
      1182.7600000000002,
      1147.53,
      1174.7900000000002,
      1312.92,
      1231.88,
      1302.95,
      1372.72,
      1389.6299999999999,
      1543.3200000000002,
      1894.56,
      1228.46,
      1448.49,
      1369.86,
      1353.4,
      1286.77,
      1477.56,
      1357.6000000000001,
      1373.63,
      1466.0199999999998,
      1450.94,
      1707.9200000000003,
      2126.5200000000004,
      1592.45,
      1404.52,
      1470.21,
      1495.73,
      1406.5900000000001,
      1440.3200000000002,
      1454.73,
      null,
      null,
      null
    ],