{
  "state": "Bihar",
  "slug": "bihar",
  "region": "Eastern",
  "annual": {
    "fiscal_years": [
      "2017-18",
      "2018-19",
      "2019-20",
      "2020-21",
      "2021-22",
      "2022-23",
      "2023-24",
      "2024-25",
      "2025-26"
    ],
    "composite_score": [
      -0.3716810070253625,
      -0.2784848697583291,
      -0.28077270276400973,
      0.0851818306244245,
      -0.2623560528165486,
      -0.2733851169156837,
      -0.2992221077377599,
      -0.32133619117449286,
      null
    ],
    "rank": [
      17.0,
      17.0,
      17.0,
      12.0,
      17.0,
      17.0,
      17.0,
      17.0,
      null
    ],
    "rank_change": [
      null,
      0.0,
      0.0,
      5.0,
      -5.0,
      0.0,
      0.0,
      0.0,
      null
    ],
    "gst_total": [
      5531.2197519,
      9841.8905786,
      12640.0623826,
      11638.0722718,
      13534.3261279,
      16547.5,
      18020.89,
      20207.86,
      14345.79
    ],
    "electricity_mu": [
      26593.8,
      29648.9,
      31396.0,
      33872.15,
      35845.7,
      38717.8,
      40987.783,
      44524.893000000004,
      41801.5609
    ],
    "bank_credit_yoy": [
      9959.0,
      23743.0,
      14594.0,
      24374.0,
      31628.0,
      36267.0,
      44929.0,
      27652.0,
      null
    ],
    "epfo_payroll": [
      16282.0,
      88293.0,
      82457.0,
      378771.0,
      92059.0,
      163163.0,
      151234.0,
      100520.0,
      null
    ],
    "gst_zscore": [
      -0.46178180529642543,
      -0.4109083620979605,
      -0.365062692274663,
      -0.37013793441071785,
      -0.3897136829816909,
      -0.3771700867129015,
      -0.3857290551468842,
      -0.37420319345417086,
      -0.3658794616281984
    ],
    "electricity_zscore": [
      -0.23089812393143952,
      -0.19966335337447785,
      -0.16452422087931945,
      -0.09413614776976303,
      -0.11098222965377273,
      -0.11919939320884775,
      -0.12961758541364277,
      -0.10545992834053829,
      -0.04127025099849828
    ],
    "credit_zscore": [
      -0.4155188236570919,
      -0.17177569180561292,
      -0.15230513155222042,
      0.3830397201045035,
      -0.04608916118969098,
      -0.17728426570802946,
      -0.2522571872270359,
      -0.3042996849692796,
      null
    ],
    "epfo_zscore": [
      -0.3785252752164931,
      -0.33159207175526495,
      -0.44119876634983596,
      0.4219616845736754,
      -0.5026391374410398,
      -0.4198867220329562,
      -0.42928460316347705,
      -0.5013819579339827,
      null
    ],
    "n_components": [
      4,
      4,
      4,
      4,
      4,
      4,
      4,
      4,
      2
    ],
    "perf_score": [
      -0.6088633311536767,
      -0.612637754040018,
      -0.7268669078089393,
      -0.8181551417285224,
      -0.89003584840909,
      -0.6696697200497133,
      -0.7224955189912778,
      -0.7220004140035543,
      null
    ],
    "perf_rank": [
      34.0,
      34.0,
      33.0,
      34.0,
      33.0,
      34.0,
      33.0,
      34.0,
      null
    ],
    "gst_pc_zscore": [
      -0.9496425445320344,
      -1.0061176312931503,
      -0.9748994816357938,
      -0.9268440314202484,
      -0.9220451197157217,
      -0.9352338528871256,
      -0.9515289216862883,
      -0.9425515862268584,
      null
    ],
    "electricity_pc_zscore": [
      -0.49069591629665504,
      -0.5017951450973318,
      -0.5655005341039553,
      -1.2098893609891122,
      -1.1888408360829728,
      -0.5880403264751377,
      -0.5249617696041045,
      -0.5311657542985961,
      null
    ],
    "credit_pc_zscore": [
      -0.5046110298764626,
      -0.4680498555892141,
      -0.7518130481887605,
      -0.7574996615957496,
      -0.9034492016559446,
      -0.6197979826978003,
      -0.846066090697626,
      -0.8447590826587522,
      null
    ],
    "epfo_pc_zscore": [
      -0.49050383390955504,
      -0.47458838418037563,
      -0.6152545673072476,
      -0.3783875129089799,
      -0.5458082361817209,
      -0.5356067181387892,
      -0.5674252939770927,
      -0.5695252328300107,
      null
    ],
    "population": [
      119461000.0,
      121800000.0,
      124139000.0,
      126478000.0,
      128817000.0,
      131156000.0,
      133495000.0,
      135834000.0,
      null
    ]
  },
  "monthly": {
    "months": [
      "2017-04",
      "2017-05",
      "2017-06",
      "2017-07",
      "2017-08",
      "2017-09",
      "2017-10",
      "2017-11",
      "2017-12",
      "2018-01",
      "2018-02",
      "2018-03",
      "2018-04",
      "2018-05",
      "2018-06",
      "2018-07",
      "2018-08",
      "2018-09",
      "2018-10",
      "2018-11",
      "2018-12",
      "2019-01",
      "2019-02",
      "2019-03",
      "2019-04",
      "2019-05",
      "2019-06",
      "2019-07",
      "2019-08",
      "2019-09",
      "2019-10",
      "2019-11",
      "2019-12",
      "2020-01",
      "2020-02",
      "2020-03",
      "2020-04",
      "2020-05",
      "2020-06",
      "2020-07",
      "2020-08",
      "2020-09",
      "2020-10",
      "2020-11",
      "2020-12",
      "2021-01",
      "2021-02",
      "2021-03",
      "2021-04",
      "2021-05",
      "2021-06",
      "2021-07",
      "2021-08",
      "2021-09",
      "2021-10",
      "2021-11",
      "2021-12",
      "2022-01",
      "2022-02",
      "2022-03",
      "2022-04",
      "2022-05",
      "2022-06",
      "2022-07",
      "2022-08",
      "2022-09",
      "2022-10",
      "2022-11",
      "2022-12",
      "2023-01",
      "2023-02",
      "2023-03",
      "2023-04",
      "2023-05",
      "2023-06",
      "2023-07",
      "2023-08",
      "2023-09",
      "2023-10",
      "2023-11",
      "2023-12",
      "2024-01",
      "2024-02",
      "2024-03",
      "2024-04",
      "2024-05",
      "2024-06",
      "2024-07",
      "2024-08",
      "2024-09",
      "2024-10",
      "2024-11",
      "2024-12",
      "2025-01",
      "2025-02",
      "2025-03",
      "2025-04",
      "2025-05",
      "2025-06",
      "2025-07",
      "2025-08",
      "2025-09",
      "2025-10",
      "2025-11",
      "2025-12",
      "2026-01",
      "2026-02"
    ],