{
  "state": "Chandigarh",
  "slug": "chandigarh",
  "region": "Northern",
  "annual": {
    "fiscal_years": [
      "2017-18",
      "2018-19",
      "2019-20",
      "2020-21",
      "2021-22",
      "2022-23",
      "2023-24",
      "2024-25",
      "2025-26"
    ],
    "composite_score": [
      -0.5663625468555622,
      -0.5932608029448104,
      -0.6951689834601694,
      -0.6524487474515761,
      -0.6660306303488361,
      -0.6247127405875557,
      -0.625529436325393,
      -0.6206957386223032,
      null
    ],
    "rank": [
      23.0,
      23.0,
      24.0,
      23.0,
      24.0,
      26.0,
      23.0,
      23.0,
      null
    ],
    "rank_change": [
      null,
      0.0,
      -1.0,
      1.0,
      -1.0,
      -2.0,
      3.0,
      0.0,
      null
    ],
    "gst_total": [
      1170.0949761,
      1596.7106787,
      1987.5409559,
      1650.6777902000001,
      1978.6232303,
      2365.42,
      2771.21,
      2915.12,
      2100.14
    ],
    "electricity_mu": [
      1599.7,
      1563.2,
      1634.5,
      1510.2,
      1610.5,
      1791.4,
      1789.1599999999999,
      1956.1000000000001,
      1699.05
    ],
    "bank_credit_yoy": [
      9648.0,
      8283.0,
      46.0,
      2791.0,
      1214.0,
      -4168.0,
      8762.0,
      8318.0,
      null
    ],
    "epfo_payroll": [
      20710.0,
      80166.0,
      64460.0,
      85094.0,
      130159.0,
      147967.0,
      122085.0,
      124957.0,
      null
    ],
    "gst_zscore": [
      -0.6661490070147562,
      -0.6762795496038622,
      -0.653451121566949,
      -0.6700827785006241,
      -0.6569814034496191,
      -0.6428802804797406,
      -0.6293080904300336,
      -0.6213806802021737,
      -0.6147786784633861
    ],
    "electricity_zscore": [
      -0.8481909063604388,
      -0.8558734388049332,
      -0.8621822630654307,
      -0.8600108471952477,
      -0.8525056956699748,
      -0.860231417497765,
      -0.8636590436196779,
      -0.8681890741677922,
      -0.8740003393171246
    ],
    "credit_zscore": [
      -0.4245616300651537,
      -0.48306171269698395,
      -0.7751657502371139,
      -0.6029352131604828,
      -0.7179705541425961,
      -0.552194608864225,
      -0.5316728888719379,
      -0.5319963340636106,
      null
    ],
    "epfo_zscore": [
      -0.32654864398190014,
      -0.3578285106734626,
      -0.4898767989711844,
      -0.47676615094994973,
      -0.43666486813315486,
      -0.44354465550849215,
      -0.4774777223799228,
      -0.46121686605563655,
      null
    ],
    "n_components": [
      4,
      4,
      4,
      4,
      4,
      4,
      4,
      4,
      2
    ]
  },
  "monthly": {
    "months": [
      "2017-04",
      "2017-05",
      "2017-06",
      "2017-07",
      "2017-08",
      "2017-09",
      "2017-10",
      "2017-11",
      "2017-12",
      "2018-01",
      "2018-02",
      "2018-03",
      "2018-04",
      "2018-05",
      "2018-06",
      "2018-07",
      "2018-08",
      "2018-09",
      "2018-10",
      "2018-11",
      "2018-12",
      "2019-01",
      "2019-02",
      "2019-03",
      "2019-04",
      "2019-05",
      "2019-06",
      "2019-07",
      "2019-08",
      "2019-09",
      "2019-10",
      "2019-11",
      "2019-12",
      "2020-01",
      "2020-02",
      "2020-03",
      "2020-04",
      "2020-05",
      "2020-06",
      "2020-07",
      "2020-08",
      "2020-09",
      "2020-10",
      "2020-11",
      "2020-12",
      "2021-01",
      "2021-02",
      "2021-03",
      "2021-04",
      "2021-05",
      "2021-06",
      "2021-07",
      "2021-08",
      "2021-09",
      "2021-10",
      "2021-11",
      "2021-12",
      "2022-01",
      "2022-02",
      "2022-03",
      "2022-04",
      "2022-05",
      "2022-06",
      "2022-07",
      "2022-08",
      "2022-09",
      "2022-10",
      "2022-11",
      "2022-12",
      "2023-01",
      "2023-02",
      "2023-03",
      "2023-04",
      "2023-05",
      "2023-06",
      "2023-07",
      "2023-08",
      "2023-09",
      "2023-10",
      "2023-11",
      "2023-12",
      "2024-01",
      "2024-02",
      "2024-03",
      "2024-04",
      "2024-05",
      "2024-06",
      "2024-07",
      "2024-08",
      "2024-09",
      "2024-10",
      "2024-11",
      "2024-12",
      "2025-01",
      "2025-02",
      "2025-03",
      "2025-04",
      "2025-05",
      "2025-06",
      "2025-07",
      "2025-08",
      "2025-09",
      "2025-10",
      "2025-11",
      "2025-12",
      "2026-01",
      "2026-02"
    ],
    "gst_total": [
      null,
      null,
      null,
      0.3740571,
      174.9778513,
      147.6419775,
      144.6101403,
      145.3024904,
      132.4535337,
      147.5269097,
      141.0608637,
      136.1471524,
      null,
      132.2146897,
      136.3979832,
      147.921088,
      139.5799885,
      143.3734421,
      141.2172861,
      145.5064268,
      142.8731547,
      159.034987,
      146.600958,
      161.9906746,
      199.9595471,
      146.6641316,
      157.9694917,
      155.9579821,
      160.086879,
      156.5105203,
      157.0312118,
      165.1626288,
      167.9488271,
      194.6298781,
      172.3605738,
      153.2592845,
      40.3325965,
      103.4385586,
      158.6781283,
      137.3329964,
      138.5261773,
      141.4845812,
      151.9939277,
      141.3591107,
      158.3488421,
      165.4148454,
      148.5006629,
      165.2673631,
      203.2903337,
      129.95054710000002,
      120.44762659999999,
      168.91504920000003,
      144.16657229999998,
      152.3316841,
      157.8027672,
      179.66865009999998,
      164.06,
      195.96,
      178.28,
      183.75,
      248.63,
      167.11,
      169.69,
      175.89000000000001,
      179.07,
      206.07,
      202.5,
      175.15,
      217.59999999999997,
      233.69,
      187.73,
      202.29,
      254.6,
      259.36,
      227.07,
      217.07,
      192.41000000000003,
      219.06,
      209.87,
      210.29999999999998,
      280.78000000000003,
      251.57000000000002,
      210.97000000000003,
      238.15,
      313.03,
      237.14999999999998,
      223.51,
      233.37,
      243.76999999999998,
      196.7,
      243.36999999999998,
      252.78000000000003,
      224.14999999999998,
      271.04,
      235.7,
      240.54999999999998,
      334.27,
      362.87,
      219.59,
      221.13,
      214.31,
      230.75,
      232.61,
      284.60999999999996,
      null,
      null,
      null
    ],
    "electricity_mu": [
      133.1,
      173.9,
      170.0,
      188.7,
      170.1,
      149.4,
      120.4,
      93.8,
      102.9,
      111.0,
      90.3,
      96.1,
      119.7,
      163.0,
      176.8,
      177.1,
      171.5,
      140.9,
      107.4,
      93.0,
      105.4,
      115.6,
      96.6,
      96.2,
      117.7,
      153.6,
      174.9,
      175.5,
      172.2,
      167.0,
      114.4,
      100.7,
      125.3,
      135.7,
      106.7,
      90.8,
      75.9,
      117.2,
      163.1,
      181.8,
      172.9,
      164.7,
      113.3,
      90.7,
      112.3,
      124.2,
      94.8,
      99.3,
      105.5,
      127.3,
      167.3,
      201.4,
      186.6,
      166.1,
      126.5,
      89.60000000000001,
      109.9,
      125.4,
      97.1,
      107.8,
      146.9,
      183.4,
      197.9,
      203.5,
      204.6,
      176.0,
      121.1,
      99.39999999999999,
      116.7,
      142.5,
      97.4,
      102.0,
      121.3,
      153.51,
      182.41,
      195.69,
      213.21,
      194.38,
      126.63,
      101.61,
      117.47,
      158.01,
      116.02,
      108.92,
      130.67,
      209.56,
      237.43,
      238.61,
      214.31,
      188.8,
      145.17,
      108.86,
      128.44,
      137.09,
      107.9,
      109.26,
      149.65,
      191.32,
      213.9,
      211.71,
      196.24,
      181.65,
      131.61,
      106.41,
      126.49,
      148.91,
      41.16
    ],