{
  "state": "Chhattisgarh",
  "slug": "chhattisgarh",
  "region": "Central",
  "annual": {
    "fiscal_years": [
      "2017-18",
      "2018-19",
      "2019-20",
      "2020-21",
      "2021-22",
      "2022-23",
      "2023-24",
      "2024-25",
      "2025-26"
    ],
    "composite_score": [
      -0.2310337292339416,
      -0.2580658287379052,
      -0.26330655836046246,
      -0.21479397413991036,
      -0.22063607356293008,
      -0.2378702540127629,
      -0.2833890053186675,
      -0.2498679253980471,
      null
    ],
    "rank": [
      14.0,
      16.0,
      16.0,
      17.0,
      16.0,
      16.0,
      16.0,
      16.0,
      null
    ],
    "rank_change": [
      null,
      -2.0,
      0.0,
      -1.0,
      1.0,
      0.0,
      0.0,
      0.0,
      null
    ],
    "gst_total": [
      13008.4286935,
      21042.0910235,
      24159.897256700002,
      24419.3269615,
      29571.2687574,
      31968.43,
      34873.95,
      37182.840000000004,
      23988.910000000003
    ],
    "electricity_mu": [
      28920.1,
      30698.3,
      30945.5,
      31191.2,
      33609.4,
      37703.9,
      39481.58,
      42815.79,
      36223.59
    ],
    "bank_credit_yoy": [
      9477.0,
      10748.0,
      10243.0,
      11012.0,
      22444.0,
      27223.0,
      28246.0,
      29526.0,
      null
    ],
    "epfo_payroll": [
      30659.0,
      75386.0,
      65761.0,
      81446.0,
      119369.0,
      135762.0,
      121740.0,
      132030.0,
      null
    ],
    "gst_zscore": [
      -0.11139140222024631,
      -0.05042981239363077,
      -0.05319407901646227,
      0.013713074202019842,
      -0.018800971064218762,
      -0.08824925857169366,
      -0.11653966255838201,
      -0.1315676773938117,
      -0.16987802308898356
    ],
    "electricity_zscore": [
      -0.17344423682349883,
      -0.1751445817700415,
      -0.17508467475445486,
      -0.1575832446049276,
      -0.15941977133753768,
      -0.13954614700630794,
      -0.15782305187797,
      -0.1360828936503792,
      -0.15709701834926107
    ],
    "credit_zscore": [
      -0.4295337197621909,
      -0.4334291097540842,
      -0.33858960721196546,
      -0.22737574847200331,
      -0.24897463212016643,
      -0.2611395678844764,
      -0.38114518320519,
      -0.28222957426260864,
      null
    ],
    "epfo_zscore": [
      -0.20976555812983033,
      -0.3732598110338643,
      -0.4863578724589671,
      -0.4879299776847304,
      -0.45534891972979735,
      -0.46254604258857357,
      -0.4780481236331279,
      -0.44959155628538894,
      null
    ],
    "n_components": [
      4,
      4,
      4,
      4,
      4,
      4,
      4,
      4,
      2
    ]
  },
  "monthly": {
    "months": [
      "2017-04",
      "2017-05",
      "2017-06",
      "2017-07",
      "2017-08",
      "2017-09",
      "2017-10",
      "2017-11",
      "2017-12",
      "2018-01",
      "2018-02",
      "2018-03",
      "2018-04",
      "2018-05",
      "2018-06",
      "2018-07",
      "2018-08",
      "2018-09",
      "2018-10",
      "2018-11",
      "2018-12",
      "2019-01",
      "2019-02",
      "2019-03",
      "2019-04",
      "2019-05",
      "2019-06",
      "2019-07",
      "2019-08",
      "2019-09",
      "2019-10",
      "2019-11",
      "2019-12",
      "2020-01",
      "2020-02",
      "2020-03",
      "2020-04",
      "2020-05",
      "2020-06",
      "2020-07",
      "2020-08",
      "2020-09",
      "2020-10",
      "2020-11",
      "2020-12",
      "2021-01",
      "2021-02",
      "2021-03",
      "2021-04",
      "2021-05",
      "2021-06",
      "2021-07",
      "2021-08",
      "2021-09",
      "2021-10",
      "2021-11",
      "2021-12",
      "2022-01",
      "2022-02",
      "2022-03",
      "2022-04",
      "2022-05",
      "2022-06",
      "2022-07",
      "2022-08",
      "2022-09",
      "2022-10",
      "2022-11",
      "2022-12",
      "2023-01",
      "2023-02",
      "2023-03",
      "2023-04",
      "2023-05",
      "2023-06",
      "2023-07",
      "2023-08",
      "2023-09",
      "2023-10",
      "2023-11",
      "2023-12",
      "2024-01",
      "2024-02",
      "2024-03",
      "2024-04",
      "2024-05",
      "2024-06",
      "2024-07",
      "2024-08",
      "2024-09",
      "2024-10",
      "2024-11",
      "2024-12",
      "2025-01",
      "2025-02",
      "2025-03",
      "2025-04",
      "2025-05",
      "2025-06",
      "2025-07",
      "2025-08",
      "2025-09",
      "2025-10",
      "2025-11",
      "2025-12",
      "2026-01",
      "2026-02"
    ],
    "gst_total": [
      null,
      null,
      null,
      1.1691376,
      1630.0390398,
      1599.4280726,
      1555.0834253,
      1503.72995,
      1582.2987547,
      1774.0075355,
      1533.6333423,
      1829.0394357,
      null,
      1869.5884235,
      1901.7507873,
      1910.064271,
      1820.9787087,
      1670.9839391,
      1736.6972631,
      2005.2849358,
      1852.0052612,
      2064.0914708,
      2067.6405128,
      2143.0054502,
      2298.9184642,
      1998.9336362,
      2092.6665886,
      2002.3706935,
      1872.7439149,
      1489.5837176,
      1569.6414076,
      2176.0960522,
      2136.1261794,
      2155.2448058,
      2274.4045566,
      2093.1672401,
      350.8537229,
      1822.906219,
      2548.5831432,
      1832.317361,
      1994.4255672,
      1841.4679445,
      1973.9686591,
      2181.0861347,
      2349.3965303,
      2527.0959963,
      2453.0973302,
      2544.1283531,
      2672.5704099,
      2025.9709645,
      2229.6330555000004,
      2432.4424568,
      2390.4957269,
      2232.921647,
      2392.4498974,
      2454.1445994,
      2581.62,
      2656.11,
      2782.8,
      2720.11,
      2977.25,
      2627.42,
      2774.41,
      2694.96,
      2441.62,
      2269.13,
      2328.38,
      2448.47,
      2585.3599999999997,
      2795.46,
      3009.26,
      3016.71,
      3508.04,
      2524.79,
      3012.04,
      2804.58,
      2895.8999999999996,
      2683.67,
      2681.37,
      2935.71,
      2612.5,
      2948.54,
      3123.87,
      3142.9399999999996,
      4000.58,
      2853.0099999999998,
      3177.75,
      3318.9900000000002,
      2610.8,
      2605.09,
      2656.41,
      2896.58,
      2882.05,
      3109.3100000000004,
      3351.36,
      3720.91,
      4134.64,
      2891.17,
      3276.0600000000004,
      3179.59,
      2809.42,
      2941.6800000000003,
      2598.25,
      2158.1000000000004,
      null,
      null,
      null
    ],