{
  "state": "Dadra & Nagar Haveli and Daman & Diu",
  "slug": "dadra-nagar-haveli-daman-diu",
  "region": "Western",
  "annual": {
    "fiscal_years": [
      "2017-18",
      "2018-19",
      "2019-20",
      "2020-21",
      "2021-22",
      "2022-23",
      "2023-24",
      "2024-25",
      "2025-26"
    ],
    "composite_score": [
      -0.6782346875466748,
      -0.6693540538683855,
      null,
      null,
      null,
      null,
      null,
      null,
      null
    ],
    "rank": [
      26.0,
      26.0,
      null,
      null,
      null,
      null,
      null,
      null,
      null
    ],
    "rank_change": [
      null,
      0.0,
      null,
      null,
      null,
      null,
      null,
      null,
      null
    ],
    "gst_total": [
      1217.9614056,
      1553.1559555000001,
      1809.6295307999999,
      2349.3928849,
      3141.4917017,
      3770.88,
      4332.8099999999995,
      4408.03,
      3114.08
    ],
    "electricity_mu": [
      8687.1,
      8870.9,
      7551.8,
      0.0,
      0.0,
      8276.0,
      10468.32036,
      10847.99106,
      9590.546620000001
    ],
    "bank_credit_yoy": [
      256.0,
      228.0,
      null,
      null,
      null,
      null,
      null,
      null,
      null
    ],
    "epfo_payroll": [
      null,
      null,
      null,
      null,
      null,
      null,
      null,
      null,
      null
    ],
    "gst_zscore": [
      -0.663905932405324,
      -0.6776813587526493,
      -0.6582675959379032,
      -0.649098728002853,
      -0.6300858343692084,
      -0.6165481029055384,
      -0.6043650738225922,
      -0.6000414510377406,
      -0.5941698196508388
    ],
    "electricity_zscore": [
      -0.6731495619556678,
      -0.6851322273948511,
      -0.7234711116440347,
      -0.8957510906315167,
      -0.8873886098056917,
      -0.7300996888509456,
      -0.701131305676985,
      -0.7088680318027245,
      -0.7101331267696245
    ],
    "credit_zscore": [
      -0.6976485682790323,
      -0.6452485754576562,
      null,
      null,
      null,
      null,
      null,
      null,
      null
    ],
    "epfo_zscore": [
      null,
      null,
      null,
      null,
      null,
      null,
      null,
      null,
      null
    ],
    "n_components": [
      3,
      3,
      2,
      2,
      2,
      2,
      2,
      2,
      2
    ]
  },
  "monthly": {
    "months": [
      "2017-04",
      "2017-05",
      "2017-06",
      "2017-07",
      "2017-08",
      "2017-09",
      "2017-10",
      "2017-11",
      "2017-12",
      "2018-01",
      "2018-02",
      "2018-03",
      "2018-04",
      "2018-05",
      "2018-06",
      "2018-07",
      "2018-08",
      "2018-09",
      "2018-10",
      "2018-11",
      "2018-12",
      "2019-01",
      "2019-02",
      "2019-03",
      "2019-04",
      "2019-05",
      "2019-06",
      "2019-07",
      "2019-08",
      "2019-09",
      "2019-10",
      "2019-11",
      "2019-12",
      "2020-01",
      "2020-02",
      "2020-03",
      "2020-04",
      "2020-05",
      "2020-06",
      "2020-07",
      "2020-08",
      "2020-09",
      "2020-10",
      "2020-11",
      "2020-12",
      "2021-01",
      "2021-02",
      "2021-03",
      "2021-04",
      "2021-05",
      "2021-06",
      "2021-07",
      "2021-08",
      "2021-09",
      "2021-10",
      "2021-11",
      "2021-12",
      "2022-01",
      "2022-02",
      "2022-03",
      "2022-04",
      "2022-05",
      "2022-06",
      "2022-07",
      "2022-08",
      "2022-09",
      "2022-10",
      "2022-11",
      "2022-12",
      "2023-01",
      "2023-02",
      "2023-03",
      "2023-04",
      "2023-05",
      "2023-06",
      "2023-07",
      "2023-08",
      "2023-09",
      "2023-10",
      "2023-11",
      "2023-12",
      "2024-01",
      "2024-02",
      "2024-03",
      "2024-04",
      "2024-05",
      "2024-06",
      "2024-07",
      "2024-08",
      "2024-09",
      "2024-10",
      "2024-11",
      "2024-12",
      "2025-01",
      "2025-02",
      "2025-03",
      "2025-04",
      "2025-05",
      "2025-06",
      "2025-07",
      "2025-08",
      "2025-09",
      "2025-10",
      "2025-11",
      "2025-12",
      "2026-01",
      "2026-02"
    ],
    "gst_total": [
      null,
      null,
      null,
      0.0118821,
      157.5126675,
      181.4279759,
      164.4121824,
      153.3783606,
      144.1447174,
      149.3144206,
      137.2272963,
      130.5319028,
      null,
      132.2530025,
      124.6731443,
      145.4549637,
      117.0370842,
      134.9593412,
      144.425,
      139.9828586,
      128.5966479,
      172.7849558,
      138.9183558,
      174.0706015,
      173.9261519,
      144.4767096,
      164.6514297,
      134.5393913,
      158.9253224,
      125.3850891,
      129.7803994,
      144.5807044,
      154.3553139,
      164.6971673,
      145.4226531,
      168.8891987,
      25.4504886,
      61.5150097,
      118.9499594,
      130.3496738,
      145.3959908,
      224.9164751,
      283.2645092,
      296.2409973,
      258.7763309,
      280.9491674,
      235.0928681,
      288.4914146,
      292.1143512,
      228.42857720000003,
      242.8042722,
      226.9128156,
      253.6867329,
      303.7743758,
      268.56399419999997,
      270.1765826,
      231.87,
      279.71,
      259.91999999999996,
      283.53000000000003,
      380.58,
      299.98,
      349.69,
      313.37,
      310.09000000000003,
      311.87,
      278.78,
      304.34000000000003,
      317.32000000000005,
      312.6,
      283.24,
      309.02,
      398.84000000000003,
      323.91,
      339.32,
      353.92999999999995,
      324.46,
      350.08,
      373.17999999999995,
      332.56,
      333.23,
      396.28000000000003,
      355.11,
      451.90999999999997,
      447.19,
      374.21000000000004,
      393.88,
      338.76,
      320.26,
      305.21999999999997,
      368.74,
      348.06,
      332.34,
      408.43,
      385.5,
      385.44,
      495.46999999999997,
      350.91,
      410.43,
      394.87,
      365.27000000000004,
      368.64,
      405.0799999999999,
      323.40999999999997,
      null,
      null,
      null
    ],
    "electricity_mu": [
      712.0,
      735.0,
      707.1,
      709.0,
      728.3,
      712.4,
      722.7,
      724.9,
      740.2,
      749.1,
      691.0,
      755.4,
      741.5,
      758.9,
      754.5,
      757.9,
      774.9,
      768.3,
      740.7,
      612.3,
      738.8,
      745.0,
      705.6,
      772.5,
      770.8,
      771.7,
      723.8,
      806.3,
      790.7,
      763.3,
      740.2,
      754.5,
      796.4,
      634.1,
      0.0,
      0.0,
      0.0,
      0.0,
      0.0,
      0.0,
      0.0,
      0.0,
      0.0,
      0.0,
      0.0,
      0.0,
      0.0,
      0.0,
      0.0,
      0.0,
      0.0,
      0.0,
      0.0,
      0.0,
      0.0,
      0.0,
      0.0,
      0.0,
      0.0,
      0.0,
      0.0,
      0.0,
      840.1,
      820.7,
      835.7,
      827.3,
      797.3,
      800.0,
      843.1,
      847.1,
      792.7,
      872.0,
      859.2,
      875.80108,
      879.4,
      919.9,
      894.00666,
      876.0064199999999,
      897.6,
      800.5,
      881.14114,
      879.0,
      843.2,
      862.56506,
      864.17352,
      922.5,
      906.9,
      921.8598,
      896.388,
      901.61006,
      937.91964,
      869.4,
      928.27184,
      926.6391,
      847.8291,
      924.5,
      905.77944,
      946.7299,
      931.60932,
      987.6767,
      939.65126,
      923.7,
      902.6,
      894.1,
      935.2,
      912.9,
      310.6
    ],