{
  "state": "Delhi",
  "slug": "delhi",
  "region": "Northern",
  "annual": {
    "fiscal_years": [
      "2017-18",
      "2018-19",
      "2019-20",
      "2020-21",
      "2021-22",
      "2022-23",
      "2023-24",
      "2024-25",
      "2025-26"
    ],
    "composite_score": [
      0.7912278446564993,
      1.2661941083009547,
      0.6931461811083701,
      -0.19501363269831656,
      0.4685943001096492,
      0.4018711326161397,
      0.43793671265462886,
      0.48170264848548994,
      null
    ],
    "rank": [
      6.0,
      4.0,
      6.0,
      16.0,
      8.0,
      8.0,
      8.0,
      8.0,
      null
    ],
    "rank_change": [
      null,
      2.0,
      -2.0,
      -10.0,
      8.0,
      0.0,
      0.0,
      0.0,
      null
    ],
    "gst_total": [
      26444.5544666,
      35646.7403849,
      44161.0406336,
      36568.2993622,
      46252.587281600005,
      55843.25,
      66445.39,
      77002.34,
      56582.04
    ],
    "electricity_mu": [
      31508.1,
      32056.9,
      32900.7,
      29384.8,
      30936.4,
      34939.2,
      35302.51,
      38275.21,
      34537.62
    ],
    "bank_credit_yoy": [
      111951.0,
      237167.0,
      56247.0,
      -17354.0,
      72021.0,
      110907.0,
      167023.0,
      120660.0,
      null
    ],
    "epfo_payroll": [
      66091.0,
      396395.0,
      534884.0,
      425486.0,
      889628.0,
      1029376.0,
      960727.0,
      962627.0,
      null
    ],
    "gst_zscore": [
      0.518240531592123,
      0.41962095559373985,
      0.48828320053695473,
      0.3785751650400256,
      0.3670152805190854,
      0.3590605188621104,
      0.38774245337453134,
      0.4376008831444315,
      0.49259432678280446
    ],
    "electricity_zscore": [
      -0.10952700351938906,
      -0.1434014875240082,
      -0.12925160168749647,
      -0.20033332786759242,
      -0.2173160951405623,
      -0.19502762469033813,
      -0.23608117428051192,
      -0.21743903416768995,
      -0.19210624633759008
    ],
    "credit_zscore": [
      2.550056453420199,
      4.125501651190504,
      1.6310337019700412,
      -1.5232180760907124,
      0.8462401971829893,
      0.5147723192599051,
      0.6910054742221489,
      0.791056161672157,
      null
    ],
    "epfo_zscore": [
      0.20614139713306417,
      0.6630553139435827,
      0.7825194236139807,
      0.5649217081250129,
      0.8784378178770843,
      0.9286793170328815,
      0.9090800973023472,
      0.9155925832930611,
      null
    ],
    "n_components": [
      4,
      4,
      4,
      4,
      4,
      4,
      4,
      4,
      2
    ]
  },
  "monthly": {
    "months": [
      "2017-04",
      "2017-05",
      "2017-06",
      "2017-07",
      "2017-08",
      "2017-09",
      "2017-10",
      "2017-11",
      "2017-12",
      "2018-01",
      "2018-02",
      "2018-03",
      "2018-04",
      "2018-05",
      "2018-06",
      "2018-07",
      "2018-08",
      "2018-09",
      "2018-10",
      "2018-11",
      "2018-12",
      "2019-01",
      "2019-02",
      "2019-03",
      "2019-04",
      "2019-05",
      "2019-06",
      "2019-07",
      "2019-08",
      "2019-09",
      "2019-10",
      "2019-11",
      "2019-12",
      "2020-01",
      "2020-02",
      "2020-03",
      "2020-04",
      "2020-05",
      "2020-06",
      "2020-07",
      "2020-08",
      "2020-09",
      "2020-10",
      "2020-11",
      "2020-12",
      "2021-01",
      "2021-02",
      "2021-03",
      "2021-04",
      "2021-05",
      "2021-06",
      "2021-07",
      "2021-08",
      "2021-09",
      "2021-10",
      "2021-11",
      "2021-12",
      "2022-01",
      "2022-02",
      "2022-03",
      "2022-04",
      "2022-05",
      "2022-06",
      "2022-07",
      "2022-08",
      "2022-09",
      "2022-10",
      "2022-11",
      "2022-12",
      "2023-01",
      "2023-02",
      "2023-03",
      "2023-04",
      "2023-05",
      "2023-06",
      "2023-07",
      "2023-08",
      "2023-09",
      "2023-10",
      "2023-11",
      "2023-12",
      "2024-01",
      "2024-02",
      "2024-03",
      "2024-04",
      "2024-05",
      "2024-06",
      "2024-07",
      "2024-08",
      "2024-09",
      "2024-10",
      "2024-11",
      "2024-12",
      "2025-01",
      "2025-02",
      "2025-03",
      "2025-04",
      "2025-05",
      "2025-06",
      "2025-07",
      "2025-08",
      "2025-09",
      "2025-10",
      "2025-11",
      "2025-12",
      "2026-01",
      "2026-02"
    ],
    "gst_total": [
      null,
      null,
      null,
      3.3422655,
      3254.6786003,
      3404.7164433,
      3526.8311989,
      3231.5349345,
      3050.4549635,
      3602.7235967,
      3120.9791455,
      3249.2933184,
      null,
      2914.8931656,
      3103.2756392,
      3094.8239647,
      3014.5838639,
      3139.5044713,
      3287.0499723,
      3276.7174933,
      3146.1276799,
      3525.1507358,
      3422.1977133,
      3722.4156856,
      4341.2609098,
      3663.7334271,
      3595.3794717,
      3406.230184,
      3517.1908107,
      3385.8765571,
      3484.1654886,
      3995.2691132,
      3697.5222684,
      3966.6743881,
      3834.743285,
      3272.9947299,
      989.9062999,
      2158.7792157,
      3249.226626,
      2628.7753336,
      2880.3262554,
      3145.498209,
      3210.7530829,
      3413.1345967,
      3451.2797377,
      3787.1918556,
      3727.4574638,
      3925.9706859,
      5053.289903600001,
      2770.8217271,
      2655.6242284,
      3815.0643413,
      3605.4791552,
      3604.7116153999996,
      4044.7864037,
      4386.9199069,
      3753.7900000000004,
      4528.7300000000005,
      3921.65,
      4111.72,
      5870.78,
      4113.49,
      4313.349999999999,
      4327.32,
      4348.55,
      4741.37,
      4670.44,
      4565.57,
      4400.72,
      4882.41,
      4769.05,
      4840.2,
      6320.38,
      5147.44,
      4744.12,
      5405.38,
      4619.5,
      4848.549999999999,
      7753.540000000001,
      5347.07,
      5121.339999999999,
      5774.17,
      5543.960000000001,
      5819.9400000000005,
      7771.66,
      7511.510000000001,
      5289.39,
      5963.9800000000005,
      5634.520000000001,
      5838.39,
      8659.62,
      6310.68,
      5593.2699999999995,
      6215.780000000001,
      6074.299999999999,
      6139.24,
      8260.13,
      10365.99,
      5609.8,
      6056.78,
      5725.05,
      5770.53,
      8538.12,
      6255.64,
      null,
      null,
      null
    ],