{
  "state": "Goa",
  "slug": "goa",
  "region": "Western",
  "annual": {
    "fiscal_years": [
      "2017-18",
      "2018-19",
      "2019-20",
      "2020-21",
      "2021-22",
      "2022-23",
      "2023-24",
      "2024-25",
      "2025-26"
    ],
    "composite_score": [
      -0.6148537637485921,
      -0.632083439585809,
      -0.6710122585247986,
      -0.66380973113915,
      -0.6649903819305751,
      -0.6071134547376935,
      -0.6270286485660643,
      -0.6303395131129542,
      null
    ],
    "rank": [
      24.0,
      24.0,
      23.0,
      24.0,
      23.0,
      23.0,
      24.0,
      24.0,
      null
    ],
    "rank_change": [
      null,
      0.0,
      1.0,
      -1.0,
      1.0,
      0.0,
      -1.0,
      0.0,
      null
    ],
    "gst_total": [
      2772.1069405,
      3750.6970613,
      4279.6228186,
      3269.6468581,
      4364.2237286,
      5520.46,
      6474.95,
      7145.93,
      4670.27
    ],
    "electricity_mu": [
      3386.1000000000004,
      3865.6,
      4148.0,
      3492.1,
      4365.5,
      4687.8,
      5039.9767,
      5366.428955,
      4641.943626
    ],
    "bank_credit_yoy": [
      1571.0,
      1989.0,
      730.0,
      2020.0,
      1926.0,
      2912.0,
      4518.0,
      2983.0,
      null
    ],
    "epfo_payroll": [
      14039.0,
      33181.0,
      44632.0,
      50539.0,
      57154.0,
      75716.0,
      65688.0,
      65744.0,
      null
    ],
    "gst_zscore": [
      -0.5910769283389846,
      -0.6069534789587527,
      -0.5913991564296996,
      -0.6214613461989081,
      -0.6018057025184176,
      -0.5837686205721581,
      -0.5701492480058246,
      -0.5609066903828439,
      -0.5625394470494047
    ],
    "electricity_zscore": [
      -0.8040712210534599,
      -0.802078870725979,
      -0.8032617285145918,
      -0.8131073983365922,
      -0.7928332781326263,
      -0.8021070090758656,
      -0.8027835829988156,
      -0.8070842810195086,
      -0.8128910468041888
    ],
    "credit_zscore": [
      -0.659412907743337,
      -0.6097909633755279,
      -0.7458808545002107,
      -0.6381567613024142,
      -0.7022416282603554,
      -0.4865493700971701,
      -0.564460796018811,
      -0.5948266652376177,
      null
    ],
    "epfo_zscore": [
      -0.404853997858587,
      -0.5095104452829762,
      -0.5435072946546926,
      -0.582513418718685,
      -0.5630809188109014,
      -0.5560288192055803,
      -0.5707209672408062,
      -0.5585404158118465,
      null
    ],
    "n_components": [
      4,
      4,
      4,
      4,
      4,
      4,
      4,
      4,
      2
    ]
  },
  "monthly": {
    "months": [
      "2017-04",
      "2017-05",
      "2017-06",
      "2017-07",
      "2017-08",
      "2017-09",
      "2017-10",
      "2017-11",
      "2017-12",
      "2018-01",
      "2018-02",
      "2018-03",
      "2018-04",
      "2018-05",
      "2018-06",
      "2018-07",
      "2018-08",
      "2018-09",
      "2018-10",
      "2018-11",
      "2018-12",
      "2019-01",
      "2019-02",
      "2019-03",
      "2019-04",
      "2019-05",
      "2019-06",
      "2019-07",
      "2019-08",
      "2019-09",
      "2019-10",
      "2019-11",
      "2019-12",
      "2020-01",
      "2020-02",
      "2020-03",
      "2020-04",
      "2020-05",
      "2020-06",
      "2020-07",
      "2020-08",
      "2020-09",
      "2020-10",
      "2020-11",
      "2020-12",
      "2021-01",
      "2021-02",
      "2021-03",
      "2021-04",
      "2021-05",
      "2021-06",
      "2021-07",
      "2021-08",
      "2021-09",
      "2021-10",
      "2021-11",
      "2021-12",
      "2022-01",
      "2022-02",
      "2022-03",
      "2022-04",
      "2022-05",
      "2022-06",
      "2022-07",
      "2022-08",
      "2022-09",
      "2022-10",
      "2022-11",
      "2022-12",
      "2023-01",
      "2023-02",
      "2023-03",
      "2023-04",
      "2023-05",
      "2023-06",
      "2023-07",
      "2023-08",
      "2023-09",
      "2023-10",
      "2023-11",
      "2023-12",
      "2024-01",
      "2024-02",
      "2024-03",
      "2024-04",
      "2024-05",
      "2024-06",
      "2024-07",
      "2024-08",
      "2024-09",
      "2024-10",
      "2024-11",
      "2024-12",
      "2025-01",
      "2025-02",
      "2025-03",
      "2025-04",
      "2025-05",
      "2025-06",
      "2025-07",
      "2025-08",
      "2025-09",
      "2025-10",
      "2025-11",
      "2025-12",
      "2026-01",
      "2026-02"
    ],
    "gst_total": [
      null,
      null,
      null,
      0.1134272,
      404.7689399,
      351.8071626,
      346.201858,
      344.6423955,
      315.3331367,
      305.5038169,
      357.2556249,
      346.4805788,
      null,
      317.5227556,
      335.2456383,
      318.6927833,
      306.8083806,
      308.5132956,
      312.7051968,
      325.4450596,
      342.0349173,
      393.8122777,
      400.7388599,
      389.1778966,
      415.2238449,
      348.7367001,
      338.2001015,
      361.2725102,
      324.5349593,
      311.4668186,
      311.1568195,
      341.5228777,
      363.3752506,
      437.0476364,
      410.6136856,
      316.4716142,
      67.2474026,
      150.8482431,
      323.9478059,
      256.7739156,
      213.2417811,
      240.2689918,
      309.6570679,
      300.1269724,
      341.6995347,
      377.755873,
      343.802039,
      344.277231,
      400.7205718,
      228.96271050000001,
      256.33474970000003,
      303.343234,
      285.02104979999996,
      318.6072258,
      317.44926130000005,
      518.0249256999999,
      591.8,
      394.18,
      363.83,
      385.95,
      469.7799999999999,
      460.78999999999996,
      428.64,
      432.48999999999995,
      375.5,
      429.47999999999996,
      419.56,
      447.34000000000003,
      460.14000000000004,
      589.59,
      492.56,
      514.59,
      619.6,
      522.8299999999999,
      480.44000000000005,
      527.7299999999999,
      509.02000000000004,
      496.94000000000005,
      529.9300000000001,
      503.09,
      552.65,
      586.89,
      580.7,
      565.1300000000001,
      764.77,
      519.15,
      546.11,
      593.0500000000001,
      530.7,
      519.17,
      558.83,
      560.44,
      578.31,
      694.8199999999999,
      600.54,
      680.04,
      805.74,
      586.62,
      550.99,
      585.86,
      544.95,
      534.7300000000001,
      544.5,
      516.88,
      null,
      null,
      null
    ],
    "electricity_mu": [
      309.0,
      305.8,
      266.0,
      261.8,
      262.8,
      271.3,
      288.6,
      271.6,
      285.0,
      289.1,
      266.3,
      308.8,
      348.2,
      334.7,
      292.5,
      288.1,
      299.6,
      359.4,
      346.0,
      303.4,
      303.5,
      317.1,
      326.8,
      346.3,
      384.3,
      366.0,
      344.3,
      344.2,
      333.5,
      332.5,
      358.7,
      374.3,
      388.0,
      335.3,
      300.1,
      286.8,
      241.2,
      315.7,
      264.7,
      264.2,
      260.1,
      266.7,
      294.9,
      300.7,
      313.1,
      327.5,
      279.8,
      363.5,
      349.0,
      319.6,
      344.6,
      355.6,
      376.0,
      355.5,
      414.5,
      373.1,
      368.0,
      358.5,
      334.5,
      416.6,
      432.0,
      443.9,
      383.7,
      367.2,
      374.3,
      359.4,
      364.5,
      362.0,
      401.3,
      410.3,
      388.4,
      400.8,
      442.3,
      474.937201,
      440.0,
      379.0,
      408.985134,
      402.62759,
      425.7,
      421.9,
      414.12564,
      400.6,
      378.3,
      451.501135,
      479.172684,
      506.3,
      427.8,
      409.308266,
      427.373553,
      411.860689,
      454.527444,
      432.9,
      444.206654,
      445.217078,
      423.862587,
      503.9,
      512.600234,
      500.639102,
      444.38863200000003,
      440.225712,
      428.189946,
      434.3,
      449.5,
      430.2,
      421.2,
      435.4,
      145.3
    ],