{
  "state": "Gujarat",
  "slug": "gujarat",
  "region": "Western",
  "annual": {
    "fiscal_years": [
      "2017-18",
      "2018-19",
      "2019-20",
      "2020-21",
      "2021-22",
      "2022-23",
      "2023-24",
      "2024-25",
      "2025-26"
    ],
    "composite_score": [
      1.5123558183328845,
      1.5203711232051493,
      1.172391439134248,
      1.6039400151462546,
      1.5257259373689325,
      1.1651592261287274,
      1.2715961603904138,
      1.3240687220001892,
      null
    ],
    "rank": [
      3.0,
      2.0,
      4.0,
      3.0,
      2.0,
      3.0,
      3.0,
      3.0,
      null
    ],
    "rank_change": [
      null,
      1.0,
      -2.0,
      1.0,
      1.0,
      -1.0,
      0.0,
      0.0,
      null
    ],
    "gst_total": [
      45904.7223214,
      67111.6176006,
      78923.3203125,
      74345.9981744,
      97155.2441933,
      114221.48,
      125168.37,
      136748.21,
      93828.45
    ],
    "electricity_mu": [
      110640.2,
      121888.3,
      119660.5,
      116213.7,
      129379.7,
      140922.4,
      147839.147,
      156430.458,
      137850.02
    ],
    "bank_credit_yoy": [
      68075.0,
      107612.0,
      19966.0,
      48273.0,
      99096.0,
      69496.0,
      165896.0,
      131634.0,
      null
    ],
    "epfo_payroll": [
      176328.0,
      555525.0,
      718054.0,
      754982.0,
      1074917.0,
      1168444.0,
      1140965.0,
      1126399.0,
      null
    ],
    "gst_zscore": [
      1.4301658384586173,
      1.4323183051760058,
      1.429378630778463,
      1.5131279256400538,
      1.544324631504271,
      1.4528133960892233,
      1.3257088118392117,
      1.2915912854851193,
      1.2496470172420533
    ],
    "electricity_zscore": [
      1.8448411949134336,
      1.955469848007504,
      1.9045394440749341,
      1.8545508088715552,
      1.9149342501786646,
      1.9318232255581875,
      1.8713029837059367,
      1.8996153860045557,
      1.9531794738243677
    ],
    "credit_zscore": [
      1.27429383618509,
      1.516920769134775,
      0.07769261683760963,
      1.474816346620739,
      1.444359113280836,
      0.1308125759572907,
      0.682298600670187,
      0.9202970340814456,
      null
    ],
    "epfo_zscore": [
      1.500122403774397,
      1.1767755705023122,
      1.2779550648459856,
      1.57326497945267,
      1.1992857545119584,
      1.1451877069102072,
      1.2070742453463195,
      1.1847711824296363,
      null
    ],
    "n_components": [
      4,
      4,
      4,
      4,
      4,
      4,
      4,
      4,
      2
    ]
  },
  "monthly": {
    "months": [
      "2017-04",
      "2017-05",
      "2017-06",
      "2017-07",
      "2017-08",
      "2017-09",
      "2017-10",
      "2017-11",
      "2017-12",
      "2018-01",
      "2018-02",
      "2018-03",
      "2018-04",
      "2018-05",
      "2018-06",
      "2018-07",
      "2018-08",
      "2018-09",
      "2018-10",
      "2018-11",
      "2018-12",
      "2019-01",
      "2019-02",
      "2019-03",
      "2019-04",
      "2019-05",
      "2019-06",
      "2019-07",
      "2019-08",
      "2019-09",
      "2019-10",
      "2019-11",
      "2019-12",
      "2020-01",
      "2020-02",
      "2020-03",
      "2020-04",
      "2020-05",
      "2020-06",
      "2020-07",
      "2020-08",
      "2020-09",
      "2020-10",
      "2020-11",
      "2020-12",
      "2021-01",
      "2021-02",
      "2021-03",
      "2021-04",
      "2021-05",
      "2021-06",
      "2021-07",
      "2021-08",
      "2021-09",
      "2021-10",
      "2021-11",
      "2021-12",
      "2022-01",
      "2022-02",
      "2022-03",
      "2022-04",
      "2022-05",
      "2022-06",
      "2022-07",
      "2022-08",
      "2022-09",
      "2022-10",
      "2022-11",
      "2022-12",
      "2023-01",
      "2023-02",
      "2023-03",
      "2023-04",
      "2023-05",
      "2023-06",
      "2023-07",
      "2023-08",
      "2023-09",
      "2023-10",
      "2023-11",
      "2023-12",
      "2024-01",
      "2024-02",
      "2024-03",
      "2024-04",
      "2024-05",
      "2024-06",
      "2024-07",
      "2024-08",
      "2024-09",
      "2024-10",
      "2024-11",
      "2024-12",
      "2025-01",
      "2025-02",
      "2025-03",
      "2025-04",
      "2025-05",
      "2025-06",
      "2025-07",
      "2025-08",
      "2025-09",
      "2025-10",
      "2025-11",
      "2025-12",
      "2026-01",
      "2026-02"
    ],
    "gst_total": [
      null,
      null,
      null,
      2.5854997,
      6014.8962057,
      5721.2257641,
      5882.7911795,
      5387.3363416,
      5372.185659,
      5778.7032065,
      5822.7286531,
      5922.2698122,
      null,
      6261.9682735,
      6362.4987652,
      6079.6983682,
      5252.2621604,
      6100.147051,
      6159.2029765,
      6063.7098323,
      5619.13757,
      6184.8545577,
      6507.0278222,
      6521.1102236,
      6874.056386,
      6608.8264136,
      6424.3363751,
      6411.3690192,
      6184.5655804,
      5740.5343621,
      5887.5287584,
      6804.9249443,
      6621.4406554,
      7329.7371004,
      7215.5415235,
      6820.4591941,
      1296.1085923,
      3077.7275186,
      6024.6399325,
      5620.7028004,
      6029.7005999,
      6090.2622118,
      6786.518785,
      7566.3765541,
      7468.7942505,
      7966.8956811,
      8221.2337186,
      8197.0375296,
      9632.3568293,
      6381.7936177,
      6127.7365878,
      7628.6413274999995,
      7556.2361251,
      7779.946888500001,
      8496.8767811,
      9568.986036299999,
      7335.92,
      8616.32,
      8872.76,
      9157.67,
      11264.119999999999,
      9321.339999999998,
      9206.58,
      9182.55,
      8684.289999999999,
      9020.06,
      9469.07,
      9333.400000000001,
      9238.32,
      10008.63,
      9574.28,
      9918.84,
      11721.37,
      9799.88,
      10119.710000000001,
      9787.330000000002,
      9764.76,
      10129.04,
      9730.18,
      10853.26,
      9874.25,
      10967.46,
      11028.890000000001,
      11392.239999999998,
      13300.859999999999,
      11324.7,
      11102.18,
      11014.72,
      10343.52,
      10152.85,
      11406.630000000001,
      12192.130000000001,
      10279.36,
      12135.1,
      11401.62,
      12094.539999999999,
      14969.630000000001,
      11736.81,
      11040.12,
      11358.41,
      10991.820000000002,
      10968.93,
      12112.87,
      10649.859999999999,
      null,
      null,
      null
    ],