{
  "state": "Haryana",
  "slug": "haryana",
  "region": "Northern",
  "annual": {
    "fiscal_years": [
      "2017-18",
      "2018-19",
      "2019-20",
      "2020-21",
      "2021-22",
      "2022-23",
      "2023-24",
      "2024-25",
      "2025-26"
    ],
    "composite_score": [
      0.5298997633642804,
      0.6089787319065062,
      0.669236869831096,
      0.6614988413340219,
      0.6410707516188945,
      0.6607246584969956,
      0.6840212447488423,
      0.7644363439954647,
      null
    ],
    "rank": [
      8.0,
      8.0,
      7.0,
      8.0,
      6.0,
      6.0,
      6.0,
      6.0,
      null
    ],
    "rank_change": [
      null,
      0.0,
      1.0,
      -1.0,
      2.0,
      0.0,
      0.0,
      0.0,
      null
    ],
    "gst_total": [
      36815.0826007,
      50102.7446962,
      59560.0107698,
      54890.4175506,
      68142.326579,
      86668.17,
      102914.46,
      119362.23999999999,
      83606.47
    ],
    "electricity_mu": [
      50772.4,
      51751.5,
      53952.0,
      52920.7,
      54924.0,
      60686.3,
      63745.229999999996,
      70240.64,
      62664.1
    ],
    "bank_credit_yoy": [
      31817.0,
      63987.0,
      29183.0,
      13878.0,
      51019.0,
      80582.0,
      128569.0,
      95379.0,
      null
    ],
    "epfo_payroll": [
      93604.0,
      375543.0,
      591348.0,
      716973.0,
      963560.0,
      1172211.0,
      1061304.0,
      1115002.0,
      null
    ],
    "gst_zscore": [
      1.00421511935623,
      0.8848875813379089,
      0.9051689905215387,
      0.928831279739529,
      0.8732952338457147,
      0.9365847935839644,
      0.9702530954518498,
      1.0430811957436337,
      1.0418799475883436
    ],
    "electricity_zscore": [
      0.3662538146955886,
      0.31675421977609974,
      0.3642251633771839,
      0.35666494752088884,
      0.3022476373163899,
      0.3216603176102702,
      0.29654303714002583,
      0.3553036583465393,
      0.39194112747640414
    ],
    "credit_zscore": [
      0.22003636112559116,
      0.6385344391615498,
      0.472310868309885,
      -0.09644843722067353,
      0.3822810660329625,
      0.23360115180073285,
      0.3939210770907014,
      0.4933216532541481,
      null
    ],
    "epfo_zscore": [
      0.5290937582797117,
      0.5957386873504663,
      0.9352424571157765,
      1.4569475752963437,
      1.0064590692805109,
      1.151052370993015,
      1.0753677693127923,
      1.1660388686375378,
      null
    ],
    "n_components": [
      4,
      4,
      4,
      4,
      4,
      4,
      4,
      4,
      2
    ]
  },
  "monthly": {
    "months": [
      "2017-04",
      "2017-05",
      "2017-06",
      "2017-07",
      "2017-08",
      "2017-09",
      "2017-10",
      "2017-11",
      "2017-12",
      "2018-01",
      "2018-02",
      "2018-03",
      "2018-04",
      "2018-05",
      "2018-06",
      "2018-07",
      "2018-08",
      "2018-09",
      "2018-10",
      "2018-11",
      "2018-12",
      "2019-01",
      "2019-02",
      "2019-03",
      "2019-04",
      "2019-05",
      "2019-06",
      "2019-07",
      "2019-08",
      "2019-09",
      "2019-10",
      "2019-11",
      "2019-12",
      "2020-01",
      "2020-02",
      "2020-03",
      "2020-04",
      "2020-05",
      "2020-06",
      "2020-07",
      "2020-08",
      "2020-09",
      "2020-10",
      "2020-11",
      "2020-12",
      "2021-01",
      "2021-02",
      "2021-03",
      "2021-04",
      "2021-05",
      "2021-06",
      "2021-07",
      "2021-08",
      "2021-09",
      "2021-10",
      "2021-11",
      "2021-12",
      "2022-01",
      "2022-02",
      "2022-03",
      "2022-04",
      "2022-05",
      "2022-06",
      "2022-07",
      "2022-08",
      "2022-09",
      "2022-10",
      "2022-11",
      "2022-12",
      "2023-01",
      "2023-02",
      "2023-03",
      "2023-04",
      "2023-05",
      "2023-06",
      "2023-07",
      "2023-08",
      "2023-09",
      "2023-10",
      "2023-11",
      "2023-12",
      "2024-01",
      "2024-02",
      "2024-03",
      "2024-04",
      "2024-05",
      "2024-06",
      "2024-07",
      "2024-08",
      "2024-09",
      "2024-10",
      "2024-11",
      "2024-12",
      "2025-01",
      "2025-02",
      "2025-03",
      "2025-04",
      "2025-05",
      "2025-06",
      "2025-07",
      "2025-08",
      "2025-09",
      "2025-10",
      "2025-11",
      "2025-12",
      "2026-01",
      "2026-02"
    ],
    "gst_total": [
      null,
      null,
      null,
      0.8969496,
      4670.5251787,
      5440.1710222,
      5063.2120017,
      4668.5707145,
      4080.376845,
      4262.9237306,
      4356.4925229,
      4271.9136355,
      null,
      4573.7395179,
      4634.4696713,
      4294.6374887,
      4373.8914093,
      4192.1315198,
      4461.2974398,
      4677.5825242,
      4646.2982625,
      4814.7306694,
      4872.9190517,
      4561.0471416,
      5371.8800878,
      4624.0141952,
      4888.831684,
      4616.7441812,
      4473.9444128,
      4109.6571256,
      4578.0453776,
      5904.4647087,
      5364.901005,
      5486.8104634,
      5266.4238744,
      4874.2936541,
      1706.6440473,
      2608.5702161,
      3697.1472219,
      3483.046751,
      4373.1932643,
      4711.9187287,
      5433.2610453,
      5928.24858,
      5746.9972163,
      5901.9778973,
      5589.8101356,
      5709.6024468,
      6658.3055846,
      4662.9873963,
      3800.9888433999995,
      5329.636015800001,
      5617.6580091,
      5577.0876745000005,
      5605.5150011,
      6015.538054199999,
      5873.2,
      6419.709999999999,
      5928.169999999999,
      6653.53,
      8197.36,
      6663.18,
      6713.89,
      6790.78,
      6771.56,
      7402.99,
      7661.57,
      6769.2300000000005,
      6677.9800000000005,
      7929.929999999999,
      7309.580000000001,
      7780.120000000001,
      10035.41,
      7249.94,
      7988.19,
      7952.95,
      7665.510000000001,
      8008.98,
      8715.84,
      9732.02,
      8129.55,
      9621.760000000002,
      8269.24,
      9545.07,
      12167.67,
      9288.68,
      9038.3,
      9081.719999999998,
      8622.99,
      9957.36,
      10044.820000000002,
      9900.23,
      10403.39,
      10283.82,
      9925.24,
      10648.02,
      14056.66,
      10170.3,
      9959.250000000002,
      10148.689999999999,
      9681.19,
      10573.32,
      10057.119999999999,
      8959.94,
      null,
      null,
      null
    ],