{
  "state": "Himachal Pradesh",
  "slug": "himachal-pradesh",
  "region": "Northern",
  "annual": {
    "fiscal_years": [
      "2017-18",
      "2018-19",
      "2019-20",
      "2020-21",
      "2021-22",
      "2022-23",
      "2023-24",
      "2024-25",
      "2025-26"
    ],
    "composite_score": [
      -0.550199624747408,
      -0.5540149447145388,
      -0.5879766051186167,
      -0.5542243991312382,
      -0.577092754028759,
      -0.543712805795908,
      -0.5663334522174404,
      -0.5631795675514426,
      null
    ],
    "rank": [
      22.0,
      21.0,
      22.0,
      22.0,
      22.0,
      22.0,
      22.0,
      22.0,
      null
    ],
    "rank_change": [
      null,
      1.0,
      -1.0,
      0.0,
      0.0,
      0.0,
      0.0,
      0.0,
      null
    ],
    "gst_total": [
      5309.1651732,
      6945.4835736,
      7959.8459292,
      7054.9538301,
      8023.2832067,
      8778.06,
      9955.73,
      10351.99,
      6823.79
    ],
    "electricity_mu": [
      9490.4,
      9847.2,
      10114.6,
      10122.0,
      11246.0,
      11894.7,
      12078.81,
      13018.55,
      11372.32
    ],
    "bank_credit_yoy": [
      3034.0,
      3959.0,
      1995.0,
      3572.0,
      5043.0,
      5778.0,
      8554.0,
      8456.0,
      null
    ],
    "epfo_payroll": [
      9475.0,
      42482.0,
      58860.0,
      82189.0,
      85494.0,
      89442.0,
      80320.0,
      78673.0,
      null
    ],
    "gst_zscore": [
      -0.47218753207807607,
      -0.5041292469966131,
      -0.491766992381578,
      -0.5077797136529306,
      -0.5171766241807024,
      -0.5227354345222377,
      -0.5145516856679341,
      -0.515080184394591,
      -0.5187680309596983
    ],
    "electricity_zscore": [
      -0.6533100281406787,
      -0.6623214052894468,
      -0.663394904782332,
      -0.6562048424114695,
      -0.6438038520470629,
      -0.6574803003837701,
      -0.6709729461914665,
      -0.6699768993650744,
      -0.6731345381328423
    ],
    "credit_zscore": [
      -0.61687391811313,
      -0.570125150881608,
      -0.6917209230569614,
      -0.5672568356003681,
      -0.6333833951494787,
      -0.4599760290934442,
      -0.5332798362533114,
      -0.5303711071279005,
      null
    ],
    "epfo_zscore": [
      -0.4584270206577474,
      -0.4794839756904874,
      -0.5050236002535954,
      -0.48565620486018485,
      -0.5140071447377922,
      -0.5346594591841796,
      -0.5465293407570492,
      -0.5372900793182043,
      null
    ],
    "n_components": [
      4,
      4,
      4,
      4,
      4,
      4,
      4,
      4,
      2
    ]
  },
  "monthly": {
    "months": [
      "2017-04",
      "2017-05",
      "2017-06",
      "2017-07",
      "2017-08",
      "2017-09",
      "2017-10",
      "2017-11",
      "2017-12",
      "2018-01",
      "2018-02",
      "2018-03",
      "2018-04",
      "2018-05",
      "2018-06",
      "2018-07",
      "2018-08",
      "2018-09",
      "2018-10",
      "2018-11",
      "2018-12",
      "2019-01",
      "2019-02",
      "2019-03",
      "2019-04",
      "2019-05",
      "2019-06",
      "2019-07",
      "2019-08",
      "2019-09",
      "2019-10",
      "2019-11",
      "2019-12",
      "2020-01",
      "2020-02",
      "2020-03",
      "2020-04",
      "2020-05",
      "2020-06",
      "2020-07",
      "2020-08",
      "2020-09",
      "2020-10",
      "2020-11",
      "2020-12",
      "2021-01",
      "2021-02",
      "2021-03",
      "2021-04",
      "2021-05",
      "2021-06",
      "2021-07",
      "2021-08",
      "2021-09",
      "2021-10",
      "2021-11",
      "2021-12",
      "2022-01",
      "2022-02",
      "2022-03",
      "2022-04",
      "2022-05",
      "2022-06",
      "2022-07",
      "2022-08",
      "2022-09",
      "2022-10",
      "2022-11",
      "2022-12",
      "2023-01",
      "2023-02",
      "2023-03",
      "2023-04",
      "2023-05",
      "2023-06",
      "2023-07",
      "2023-08",
      "2023-09",
      "2023-10",
      "2023-11",
      "2023-12",
      "2024-01",
      "2024-02",
      "2024-03",
      "2024-04",
      "2024-05",
      "2024-06",
      "2024-07",
      "2024-08",
      "2024-09",
      "2024-10",
      "2024-11",
      "2024-12",
      "2025-01",
      "2025-02",
      "2025-03",
      "2025-04",
      "2025-05",
      "2025-06",
      "2025-07",
      "2025-08",
      "2025-09",
      "2025-10",
      "2025-11",
      "2025-12",
      "2026-01",
      "2026-02"
    ],
    "gst_total": [
      null,
      null,
      null,
      0.1749472,
      823.4974223,
      745.5739359,
      700.3896029,
      649.4044321,
      617.8120251,
      599.659397,
      561.6938265,
      610.9595842,
      null,
      646.1070431,
      641.258657,
      617.5017408,
      562.3174129,
      648.5438661,
      650.6290342,
      667.3886698,
      594.7326381,
      646.7521253,
      610.0004778,
      660.2519085,
      700.1204919,
      639.90146,
      697.3035258,
      677.2199309,
      675.9378304,
      608.8953858,
      669.0927878,
      701.0647996,
      698.9566932,
      674.7659381,
      620.6983767,
      595.888709,
      126.9046459,
      272.0378019,
      618.5054622,
      605.0776734,
      596.6775477,
      653.3545498,
      690.9670972,
      758.3638066,
      669.784525,
      713.2794204,
      663.1179006,
      686.8833994,
      763.8460148,
      540.0859237999999,
      519.0990456999999,
      666.640156,
      704.1650454,
      679.9216112,
      689.4213016,
      761.9341082,
      662.1800000000001,
      694.85,
      657.24,
      683.9,
      817.37,
      740.84,
      693.1400000000001,
      745.6700000000001,
      708.5799999999999,
      712.48,
      784.04,
      672.37,
      708.33,
      765.12,
      690.75,
      739.37,
      956.74,
      828.45,
      840.6100000000001,
      916.8499999999999,
      725.1600000000001,
      783.5699999999999,
      885.25,
      802.03,
      744.6200000000001,
      874.5800000000002,
      746.0899999999999,
      851.78,
      1015.12,
      838.36,
      885.5999999999999,
      854.4899999999999,
      827.1999999999999,
      856.28,
      866.91,
      877.52,
      815.62,
      816.6600000000001,
      868.81,
      829.42,
      1094.46,
      849.27,
      902.45,
      949.79,
      870.7299999999999,
      819.0699999999999,
      721.9200000000001,
      616.1,
      null,
      null,
      null
    ],
    "electricity_mu": [
      873.1,
      795.2,
      775.4,
      810.1,
      810.8,
      753.8,
      727.7,
      748.4,
      828.7,
      842.2,
      740.4,
      784.6,
      767.7,
      788.1,
      796.1,
      812.9,
      828.6,
      816.5,
      823.3,
      792.9,
      886.0,
      907.9,
      797.9,
      829.3,
      772.0,
      848.9,
      858.4,
      901.2,
      882.3,
      888.0,
      797.8,
      821.3,
      915.7,
      933.8,
      820.0,
      675.2,
      402.7,
      658.2,
      795.3,
      862.8,
      927.8,
      911.8,
      905.1,
      847.6,
      980.0,
      1011.4,
      884.7,
      934.6,
      843.7,
      828.2,
      900.9,
      913.3,
      972.6,
      940.6,
      970.4,
      897.3,
      1053.3,
      1060.0,
      935.8,
      929.9,
      964.2,
      1002.3,
      1034.1,
      994.8,
      975.2,
      985.1,
      937.6,
      967.7,
      1064.8,
      1068.3,
      902.3,
      998.3,
      920.9,
      906.04,
      932.89,
      1005.5,
      1055.75,
      1038.05,
      1009.98,
      967.9,
      1125.19,
      1142.24,
      1030.76,
      943.61,
      941.02,
      1072.84,
      1149.11,
      1181.07,
      1072.88,
      1073.71,
      1066.74,
      1017.88,
      1186.22,
      1178.53,
      1050.75,
      1027.8,
      994.58,
      1124.25,
      1149.89,
      1134.48,
      1079.18,
      1072.43,
      980.7,
      1065.72,
      1182.7,
      1203.8799999999999,
      384.51
    ],