{
  "state": "Jammu & Kashmir",
  "slug": "jammu-kashmir",
  "region": "Northern",
  "annual": {
    "fiscal_years": [
      "2017-18",
      "2018-19",
      "2019-20",
      "2020-21",
      "2021-22",
      "2022-23",
      "2023-24",
      "2024-25",
      "2025-26"
    ],
    "composite_score": [
      -0.5486416184169807,
      -0.5550222939132361,
      -0.5427744920955982,
      -0.497892347780849,
      -0.5524516275989959,
      -0.5286274002345402,
      -0.5553056686803848,
      -0.5501007319781213,
      null
    ],
    "rank": [
      21.0,
      22.0,
      21.0,
      21.0,
      21.0,
      21.0,
      21.0,
      21.0,
      null
    ],
    "rank_change": [
      null,
      -1.0,
      1.0,
      0.0,
      0.0,
      0.0,
      0.0,
      0.0,
      null
    ],
    "gst_total": [
      2320.1091501,
      3420.3466697,
      4010.3820816,
      3647.4993744,
      4692.0855555,
      5245.71,
      6704.16,
      7175.0,
      4946.6
    ],
    "electricity_mu": [
      14787.9,
      15455.6,
      16055.6,
      17039.5,
      18532.3,
      19355.3,
      19832.87,
      20326.9,
      17458.02
    ],
    "bank_credit_yoy": [
      7391.0,
      9697.0,
      4920.0,
      10706.0,
      10053.0,
      12190.0,
      12462.0,
      11684.0,
      null
    ],
    "epfo_payroll": [
      0.0,
      0.0,
      67449.0,
      29269.0,
      31853.0,
      36356.0,
      32327.0,
      35331.0,
      null
    ],
    "gst_zscore": [
      -0.6122580520985018,
      -0.6175858092142752,
      -0.5986881268184671,
      -0.6101135503048558,
      -0.5942227035541389,
      -0.5889162347258956,
      -0.5664881383512449,
      -0.5604911721052451,
      -0.5569228958179007
    ],
    "electricity_zscore": [
      -0.5224748104325947,
      -0.5312835944772484,
      -0.5241281867530765,
      -0.49249597340710516,
      -0.48598492794456444,
      -0.5077623879847848,
      -0.5257688274290017,
      -0.5390290579990623,
      -0.5467647576690293
    ],
    "credit_zscore": [
      -0.4901873987564574,
      -0.45459092139424145,
      -0.5664894610241519,
      -0.24135472866841187,
      -0.5227065430848356,
      -0.40052443714791375,
      -0.5030877671840418,
      -0.49235492924042246,
      null
    ],
    "epfo_zscore": [
      -0.5696462123803689,
      -0.6166288505671791,
      -0.4817921937866975,
      -0.647605138743023,
      -0.6068923358124447,
      -0.6173065410795667,
      -0.6258779417572509,
      -0.6085277685677551,
      null
    ],
    "n_components": [
      4,
      4,
      4,
      4,
      4,
      4,
      4,
      4,
      2
    ]
  },
  "monthly": {
    "months": [
      "2017-04",
      "2017-05",
      "2017-06",
      "2017-07",
      "2017-08",
      "2017-09",
      "2017-10",
      "2017-11",
      "2017-12",
      "2018-01",
      "2018-02",
      "2018-03",
      "2018-04",
      "2018-05",
      "2018-06",
      "2018-07",
      "2018-08",
      "2018-09",
      "2018-10",
      "2018-11",
      "2018-12",
      "2019-01",
      "2019-02",
      "2019-03",
      "2019-04",
      "2019-05",
      "2019-06",
      "2019-07",
      "2019-08",
      "2019-09",
      "2019-10",
      "2019-11",
      "2019-12",
      "2020-01",
      "2020-02",
      "2020-03",
      "2020-04",
      "2020-05",
      "2020-06",
      "2020-07",
      "2020-08",
      "2020-09",
      "2020-10",
      "2020-11",
      "2020-12",
      "2021-01",
      "2021-02",
      "2021-03",
      "2021-04",
      "2021-05",
      "2021-06",
      "2021-07",
      "2021-08",
      "2021-09",
      "2021-10",
      "2021-11",
      "2021-12",
      "2022-01",
      "2022-02",
      "2022-03",
      "2022-04",
      "2022-05",
      "2022-06",
      "2022-07",
      "2022-08",
      "2022-09",
      "2022-10",
      "2022-11",
      "2022-12",
      "2023-01",
      "2023-02",
      "2023-03",
      "2023-04",
      "2023-05",
      "2023-06",
      "2023-07",
      "2023-08",
      "2023-09",
      "2023-10",
      "2023-11",
      "2023-12",
      "2024-01",
      "2024-02",
      "2024-03",
      "2024-04",
      "2024-05",
      "2024-06",
      "2024-07",
      "2024-08",
      "2024-09",
      "2024-10",
      "2024-11",
      "2024-12",
      "2025-01",
      "2025-02",
      "2025-03",
      "2025-04",
      "2025-05",
      "2025-06",
      "2025-07",
      "2025-08",
      "2025-09",
      "2025-10",
      "2025-11",
      "2025-12",
      "2026-01",
      "2026-02"
    ],
    "gst_total": [
      null,
      null,
      null,
      0.0001256,
      265.3324058,
      319.7660453,
      287.7106758,
      298.9437627,
      314.7141357,
      306.3761212,
      269.2859907,
      257.9798873,
      null,
      266.9416342,
      266.120844,
      317.9412401,
      305.2775475,
      336.842372,
      324.0585397,
      286.2893285,
      292.546366,
      331.2051804,
      305.5068643,
      387.616753,
      382.1318362,
      311.2891543,
      322.3893153,
      362.6394635,
      302.02199,
      281.7215067,
      312.5224134,
      363.4464929,
      409.1496774,
      370.7349249,
      316.1608454,
      276.1744616,
      91.1429783,
      129.1092,
      324.7680488,
      297.8412111,
      325.832879,
      367.5523863,
      377.1407405,
      359.7686805,
      318.4511858,
      374.3931241,
      329.8927195,
      351.6062205,
      508.85855300000003,
      232.03229680000004,
      299.745057,
      431.77863360000003,
      391.8276435,
      377.1863546,
      648.3423257000001,
      382.8146913,
      320.0,
      404.68000000000006,
      326.42,
      368.4,
      559.86,
      371.64,
      371.83,
      430.95,
      433.76,
      427.77,
      425.31,
      429.57,
      409.6,
      474.4,
      434.22999999999996,
      476.78999999999996,
      803.48,
      421.84,
      588.6800000000001,
      549.02,
      523.0899999999999,
      563.3800000000001,
      593.15,
      469.26,
      492.21000000000004,
      566.6299999999999,
      532.02,
      601.4,
      789.21,
      525.14,
      555.0600000000001,
      629.4799999999999,
      568.98,
      598.86,
      607.84,
      586.3000000000001,
      546.8399999999999,
      649.84,
      522.53,
      594.92,
      880.3800000000001,
      578.0500000000001,
      565.96,
      598.71,
      581.99,
      698.6600000000001,
      550.54,
      492.31,
      null,
      null,
      null
    ],