{
  "state": "Jharkhand",
  "slug": "jharkhand",
  "region": "Eastern",
  "annual": {
    "fiscal_years": [
      "2017-18",
      "2018-19",
      "2019-20",
      "2020-21",
      "2021-22",
      "2022-23",
      "2023-24",
      "2024-25",
      "2025-26"
    ],
    "composite_score": [
      -0.42318204537741405,
      -0.4087525935181875,
      -0.4273708604399254,
      -0.4009289287219322,
      -0.4271875136018161,
      -0.39544713668672254,
      -0.4199774353465727,
      -0.38158494972941126,
      null
    ],
    "rank": [
      19.0,
      18.0,
      18.0,
      18.0,
      18.0,
      18.0,
      18.0,
      18.0,
      null
    ],
    "rank_change": [
      null,
      1.0,
      0.0,
      0.0,
      0.0,
      0.0,
      0.0,
      0.0,
      null
    ],
    "gst_total": [
      14162.1705484,
      21527.3491404,
      22846.9124509,
      20482.0629778,
      27853.7440887,
      32019.06,
      34737.99,
      36841.229999999996,
      23515.13
    ],
    "electricity_mu": [
      8472.0,
      8490.2,
      8844.6,
      9410.29,
      10236.5,
      11003.4,
      12246.055,
      14976.646,
      13285.313
    ],
    "bank_credit_yoy": [
      4305.0,
      8977.0,
      7810.0,
      9624.0,
      11509.0,
      17194.0,
      21555.0,
      20159.0,
      null
    ],
    "epfo_payroll": [
      16410.0,
      55616.0,
      66329.0,
      65950.0,
      97040.0,
      134190.0,
      132342.0,
      185047.0,
      null
    ],
    "gst_zscore": [
      -0.057325763993241734,
      -0.0348117756385816,
      -0.08873961895597686,
      -0.10453218324800002,
      -0.058524985009421535,
      -0.08730067365957814,
      -0.1187113150545063,
      -0.1364505531698881,
      -0.1795078484516369
    ],
    "electricity_zscore": [
      -0.6784620027917241,
      -0.6940271162359117,
      -0.6931657736423142,
      -0.6730481006925098,
      -0.6656692986909661,
      -0.6753667405254767,
      -0.6678410820012967,
      -0.6348925856160856,
      -0.633411169343909
    ],
    "credit_zscore": [
      -0.5799176256866139,
      -0.46908807113821216,
      -0.4427564951182307,
      -0.2907836717158434,
      -0.49054177330317483,
      -0.35412771754475797,
      -0.4328378992088961,
      -0.3925447967756219,
      null
    ],
    "epfo_zscore": [
      -0.3770227890380767,
      -0.43708341106004467,
      -0.4848215540431797,
      -0.5353517592313755,
      -0.4940139974037019,
      -0.4649934150170773,
      -0.46051944512159204,
      -0.36245186335604934,
      null
    ],
    "n_components": [
      4,
      4,
      4,
      4,
      4,
      4,
      4,
      4,
      2
    ],
    "perf_score": [
      -0.428990851409615,
      -0.42386264851762556,
      -0.5160087311740208,
      -0.6949880924318774,
      -0.7154889805583049,
      -0.4836813380579228,
      -0.5396654365335531,
      -0.494715879933325,
      null
    ],
    "perf_rank": [
      25.0,
      26.0,
      25.0,
      30.0,
      27.0,
      27.0,
      26.0,
      26.0,
      null
    ],
    "gst_pc_zscore": [
      -0.33730131910280786,
      -0.3187382584529309,
      -0.38276611636360286,
      -0.39495923727761756,
      -0.34091011243891,
      -0.37855871761456605,
      -0.429857258886955,
      -0.43655956496135595,
      null
    ],
    "electricity_pc_zscore": [
      -0.4890430078956403,
      -0.5100969534317629,
      -0.5771324422191594,
      -1.255450611306438,
      -1.2182180243847562,
      -0.5979538217135486,
      -0.5268244827731867,
      -0.5164688028893223,
      null
    ],
    "credit_pc_zscore": [
      -0.4854465353255365,
      -0.44967133772843515,
      -0.5812848069383904,
      -0.6579219249193852,
      -0.8402294932837181,
      -0.5113059464591128,
      -0.7418485999882408,
      -0.6440043838510678,
      null
    ],
    "epfo_pc_zscore": [
      -0.4041725433144753,
      -0.41694404445737343,
      -0.5228515591749306,
      -0.47162059622406916,
      -0.4625982921258355,
      -0.44690686644446376,
      -0.4601314044858303,
      -0.3818307680315538,
      null
    ],
    "population": [
      37403000.0,
      37919000.0,
      38435000.0,
      38951000.0,
      39467000.0,
      39983000.0,
      40499000.0,
      41015000.0,
      null
    ]
  },
  "monthly": {
    "months": [
      "2017-04",
      "2017-05",
      "2017-06",
      "2017-07",
      "2017-08",
      "2017-09",
      "2017-10",
      "2017-11",
      "2017-12",
      "2018-01",
      "2018-02",
      "2018-03",
      "2018-04",
      "2018-05",
      "2018-06",
      "2018-07",
      "2018-08",
      "2018-09",
      "2018-10",
      "2018-11",
      "2018-12",
      "2019-01",
      "2019-02",
      "2019-03",
      "2019-04",
      "2019-05",
      "2019-06",
      "2019-07",
      "2019-08",
      "2019-09",
      "2019-10",
      "2019-11",
      "2019-12",
      "2020-01",
      "2020-02",
      "2020-03",
      "2020-04",
      "2020-05",
      "2020-06",
      "2020-07",
      "2020-08",
      "2020-09",
      "2020-10",
      "2020-11",
      "2020-12",
      "2021-01",
      "2021-02",
      "2021-03",
      "2021-04",
      "2021-05",
      "2021-06",
      "2021-07",
      "2021-08",
      "2021-09",
      "2021-10",
      "2021-11",
      "2021-12",
      "2022-01",
      "2022-02",
      "2022-03",
      "2022-04",
      "2022-05",
      "2022-06",
      "2022-07",
      "2022-08",
      "2022-09",
      "2022-10",
      "2022-11",
      "2022-12",
      "2023-01",
      "2023-02",
      "2023-03",
      "2023-04",
      "2023-05",
      "2023-06",
      "2023-07",
      "2023-08",
      "2023-09",
      "2023-10",
      "2023-11",
      "2023-12",
      "2024-01",
      "2024-02",
      "2024-03",
      "2024-04",
      "2024-05",
      "2024-06",
      "2024-07",
      "2024-08",
      "2024-09",
      "2024-10",
      "2024-11",
      "2024-12",
      "2025-01",
      "2025-02",
      "2025-03",
      "2025-04",
      "2025-05",
      "2025-06",
      "2025-07",
      "2025-08",
      "2025-09",
      "2025-10",
      "2025-11",
      "2025-12",
      "2026-01",
      "2026-02"
    ],