{
  "state": "Karnataka",
  "slug": "karnataka",
  "region": "Southern",
  "annual": {
    "fiscal_years": [
      "2017-18",
      "2018-19",
      "2019-20",
      "2020-21",
      "2021-22",
      "2022-23",
      "2023-24",
      "2024-25",
      "2025-26"
    ],
    "composite_score": [
      0.885536419236677,
      1.3743530926476004,
      1.2059498235797397,
      1.2731146132046633,
      1.3179539181220619,
      1.096557450049135,
      1.230548361605452,
      1.1557271331132335,
      null
    ],
    "rank": [
      4.0,
      3.0,
      3.0,
      5.0,
      4.0,
      4.0,
      4.0,
      4.0,
      null
    ],
    "rank_change": [
      null,
      1.0,
      0.0,
      -2.0,
      1.0,
      0.0,
      0.0,
      0.0,
      null
    ],
    "gst_total": [
      48138.090739,
      71415.2352552,
      83408.4592692,
      75659.6766314,
      95925.5747202,
      122821.64,
      145265.89,
      159563.80000000002,
      115294.72
    ],
    "electricity_mu": [
      67551.0,
      72343.5,
      72470.4,
      69234.9,
      73114.9,
      77046.2,
      95260.67,
      92930.68,
      80513.62
    ],
    "bank_credit_yoy": [
      57735.0,
      119187.0,
      40160.0,
      51538.0,
      95546.0,
      138734.0,
      211330.0,
      132528.0,
      null
    ],
    "epfo_payroll": [
      70086.0,
      618080.0,
      812122.0,
      624237.0,
      1360463.0,
      1299702.0,
      1230712.0,
      1204122.0,
      null
    ],
    "gst_zscore": [
      1.5348239891365654,
      1.570830277193307,
      1.5508017311947042,
      1.5525807659874604,
      1.51588404594087,
      1.6139428058814271,
      1.6467210909941714,
      1.617710812805421,
      1.6859601399732016
    ],
    "electricity_zscore": [
      0.7806439579399225,
      0.7978772852216444,
      0.7983266262879672,
      0.7427551868719551,
      0.696256704532417,
      0.6499677024125865,
      0.8867076338301904,
      0.7618539410380457,
      0.7625870554361193
    ],
    "credit_zscore": [
      0.9736423305279875,
      1.7499825861993041,
      0.9422820678771159,
      1.6239711516575819,
      1.365935395750001,
      0.7727822146230175,
      1.0333084435804223,
      0.9308256781432193,
      null
    ],
    "epfo_zscore": [
      0.25303539934223285,
      1.3787222219761468,
      1.5323888689591716,
      1.173151348301656,
      1.6937395262649593,
      1.3495370772795088,
      1.3554562780170236,
      1.3125181004662485,
      null
    ],
    "n_components": [
      4,
      4,
      4,
      4,
      4,
      4,
      4,
      4,
      2
    ],
    "perf_score": [
      -0.028114963643682142,
      0.15800327032432696,
      0.1904165150300475,
      0.16612706506722394,
      0.31615491397612805,
      0.23196057348971155,
      0.26347728027527234,
      0.19082742432807093,
      null
    ],
    "perf_rank": [
      13.0,
      10.0,
      10.0,
      12.0,
      11.0,
      9.0,
      9.0,
      11.0,
      null
    ],
    "gst_pc_zscore": [
      0.29966621266213883,
      0.3755680912521085,
      0.3696559167983225,
      0.29908191912846593,
      0.29766355890483615,
      0.3844727559422817,
      0.4048242233248324,
      0.4313878762671475,
      null
    ],
    "electricity_pc_zscore": [
      -0.15347245046595492,
      -0.14883078291512747,
      -0.1534191667167479,
      0.061136919628720594,
      -0.0032492133472872206,
      -0.1978687887849882,
      -0.11945539552516851,
      -0.15978935730964053,
      null
    ],
    "credit_pc_zscore": [
      -0.0302771362194223,
      0.22360543498478722,
      0.18415119251615392,
      0.25187736863877597,
      0.6259644371957434,
      0.5622598753648351,
      0.5352993798544152,
      0.277951444565379,
      null
    ],
    "epfo_pc_zscore": [
      -0.22837648055149018,
      0.18167033797553953,
      0.36127811752246153,
      0.052412052872933275,
      0.3442408731512198,
      0.17897845143671767,
      0.23324091344701023,
      0.21375973378939775,
      null
    ],
    "population": [
      66458000.0,
      67402000.0,
      68346000.0,
      69290000.0,
      70234000.0,
      71178000.0,
      72122000.0,
      73066000.0,
      null
    ]
  },
  "monthly": {
    "months": [
      "2017-04",
      "2017-05",
      "2017-06",
      "2017-07",
      "2017-08",
      "2017-09",
      "2017-10",
      "2017-11",
      "2017-12",
      "2018-01",
      "2018-02",
      "2018-03",
      "2018-04",
      "2018-05",
      "2018-06",
      "2018-07",
      "2018-08",
      "2018-09",
      "2018-10",
      "2018-11",
      "2018-12",
      "2019-01",
      "2019-02",
      "2019-03",
      "2019-04",
      "2019-05",
      "2019-06",
      "2019-07",
      "2019-08",
      "2019-09",
      "2019-10",
      "2019-11",
      "2019-12",
      "2020-01",
      "2020-02",
      "2020-03",
      "2020-04",
      "2020-05",
      "2020-06",
      "2020-07",
      "2020-08",
      "2020-09",
      "2020-10",
      "2020-11",
      "2020-12",
      "2021-01",
      "2021-02",
      "2021-03",
      "2021-04",
      "2021-05",
      "2021-06",
      "2021-07",
      "2021-08",
      "2021-09",
      "2021-10",
      "2021-11",
      "2021-12",
      "2022-01",
      "2022-02",
      "2022-03",
      "2022-04",
      "2022-05",
      "2022-06",
      "2022-07",
      "2022-08",
      "2022-09",
      "2022-10",
      "2022-11",
      "2022-12",
      "2023-01",
      "2023-02",
      "2023-03",
      "2023-04",
      "2023-05",
      "2023-06",
      "2023-07",
      "2023-08",
      "2023-09",
      "2023-10",
      "2023-11",
      "2023-12",
      "2024-01",
      "2024-02",
      "2024-03",
      "2024-04",
      "2024-05",
      "2024-06",
      "2024-07",
      "2024-08",
      "2024-09",
      "2024-10",
      "2024-11",
      "2024-12",
      "2025-01",
      "2025-02",
      "2025-03",
      "2025-04",
      "2025-05",
      "2025-06",
      "2025-07",
      "2025-08",
      "2025-09",
      "2025-10",
      "2025-11",
      "2025-12",
      "2026-01",
      "2026-02"
    ],