{
  "state": "Kerala",
  "slug": "kerala",
  "region": "Southern",
  "annual": {
    "fiscal_years": [
      "2017-18",
      "2018-19",
      "2019-20",
      "2020-21",
      "2021-22",
      "2022-23",
      "2023-24",
      "2024-25",
      "2025-26"
    ],
    "composite_score": [
      -0.1733422743909299,
      -0.1456892111300625,
      -0.14444471719511565,
      -0.1249645296105991,
      -0.21936915445400124,
      -0.20686814527094133,
      -0.20467107134844797,
      -0.23927197539782658,
      null
    ],
    "rank": [
      13.0,
      13.0,
      13.0,
      14.0,
      15.0,
      15.0,
      15.0,
      15.0,
      null
    ],
    "rank_change": [
      null,
      0.0,
      0.0,
      -1.0,
      -1.0,
      0.0,
      0.0,
      0.0,
      null
    ],
    "gst_total": [
      10856.7624292,
      14946.3463346,
      19234.0789995,
      17348.7357162,
      22263.6490566,
      27371.36,
      30677.22,
      33108.62,
      23694.04
    ],
    "electricity_mu": [
      24431.4,
      25032.9,
      26280.9,
      25142.1,
      26635.6,
      27726.6,
      30942.35,
      31561.94,
      26493.73
    ],
    "bank_credit_yoy": [
      36207.0,
      52813.0,
      26045.0,
      27840.0,
      35515.0,
      64956.0,
      91539.0,
      52454.0,
      null
    ],
    "epfo_payroll": [
      2140.0,
      54041.0,
      81140.0,
      63823.0,
      140378.0,
      174624.0,
      153693.0,
      151644.0,
      null
    ],
    "gst_zscore": [
      -0.21222089829584567,
      -0.2466214087523477,
      -0.18654738883592345,
      -0.19863333832850938,
      -0.18781629421561064,
      -0.17437825801745355,
      -0.18357290159971598,
      -0.18980341447529497,
      -0.17587140948073837
    ],
    "electricity_zscore": [
      -0.28430408424705267,
      -0.3075141726293649,
      -0.284430497497977,
      -0.3007406453269082,
      -0.3104700455378868,
      -0.3397687199063961,
      -0.3177304251843416,
      -0.33772449053023534,
      -0.35913791292895353
    ],
    "credit_zscore": [
      0.34768240656414817,
      0.4135467291072044,
      0.3379599869905837,
      0.5413767964468305,
      0.03977928670956404,
      0.08871803019423573,
      0.10783808895481174,
      -0.012206362799133952,
      null
    ],
    "epfo_zscore": [
      -0.5445265215849694,
      -0.4421679922457419,
      -0.4447609694371458,
      -0.5418609312338093,
      -0.4189695647720715,
      -0.40204363335415133,
      -0.4252190475645461,
      -0.417353633786642,
      null
    ],
    "n_components": [
      4,
      4,
      4,
      4,
      4,
      4,
      4,
      4,
      2
    ],
    "perf_score": [
      -0.30209622207800885,
      -0.2848815503177808,
      -0.1903965915528945,
      -0.2576923120594077,
      -0.2865849070793062,
      -0.16776621744570624,
      -0.20164739741915544,
      -0.2748499700550219,
      null
    ],
    "perf_rank": [
      18.0,
      19.0,
      16.0,
      21.0,
      20.0,
      16.0,
      16.0,
      17.0,
      null
    ],
    "gst_pc_zscore": [
      -0.468750597294538,
      -0.5243682727830814,
      -0.44594975839608425,
      -0.44183067271798665,
      -0.41971119817969726,
      -0.407502101410815,
      -0.43094961806179566,
      -0.42054186196559534,
      null
    ],
    "electricity_pc_zscore": [
      -0.29150279960902875,
      -0.3046783646061489,
      -0.31671098538135123,
      -0.4472588322762828,
      -0.46043179497845477,
      -0.34990819677985435,
      -0.30232725201387994,
      -0.31437664113653896,
      null
    ],
    "credit_pc_zscore": [
      0.06398768988763971,
      0.10185511991617077,
      0.4751660959031348,
      0.32272877427657237,
      0.12590758583678896,
      0.46903755632340366,
      0.3354579548263573,
      0.031727183097754214,
      null
    ],
    "epfo_pc_zscore": [
      -0.5121191812961083,
      -0.4123346837980637,
      -0.4740917183372773,
      -0.4644085175199335,
      -0.39210422099586173,
      -0.38269212791555923,
      -0.4087706744273036,
      -0.39620856021570744,
      null
    ],
    "population": [
      35330000.0,
      35413000.0,
      35496000.0,
      35579000.0,
      35662000.0,
      35745000.0,
      35828000.0,
      35911000.0,
      null
    ]
  },
  "monthly": {
    "months": [
      "2017-04",
      "2017-05",
      "2017-06",
      "2017-07",
      "2017-08",
      "2017-09",
      "2017-10",
      "2017-11",
      "2017-12",
      "2018-01",
      "2018-02",
      "2018-03",
      "2018-04",
      "2018-05",
      "2018-06",
      "2018-07",
      "2018-08",
      "2018-09",
      "2018-10",
      "2018-11",
      "2018-12",
      "2019-01",
      "2019-02",
      "2019-03",
      "2019-04",
      "2019-05",
      "2019-06",
      "2019-07",
      "2019-08",
      "2019-09",
      "2019-10",
      "2019-11",
      "2019-12",
      "2020-01",
      "2020-02",
      "2020-03",
      "2020-04",
      "2020-05",
      "2020-06",
      "2020-07",
      "2020-08",
      "2020-09",
      "2020-10",
      "2020-11",
      "2020-12",
      "2021-01",
      "2021-02",
      "2021-03",
      "2021-04",
      "2021-05",
      "2021-06",
      "2021-07",
      "2021-08",
      "2021-09",
      "2021-10",
      "2021-11",
      "2021-12",
      "2022-01",
      "2022-02",
      "2022-03",
      "2022-04",
      "2022-05",
      "2022-06",
      "2022-07",
      "2022-08",
      "2022-09",
      "2022-10",
      "2022-11",
      "2022-12",
      "2023-01",
      "2023-02",
      "2023-03",
      "2023-04",
      "2023-05",
      "2023-06",
      "2023-07",
      "2023-08",
      "2023-09",
      "2023-10",
      "2023-11",
      "2023-12",
      "2024-01",
      "2024-02",
      "2024-03",
      "2024-04",
      "2024-05",
      "2024-06",
      "2024-07",
      "2024-08",
      "2024-09",
      "2024-10",
      "2024-11",
      "2024-12",
      "2025-01",
      "2025-02",
      "2025-03",
      "2025-04",
      "2025-05",
      "2025-06",
      "2025-07",
      "2025-08",
      "2025-09",
      "2025-10",
      "2025-11",
      "2025-12",
      "2026-01",
      "2026-02"
    ],