{
  "state": "Madhya Pradesh",
  "slug": "madhya-pradesh",
  "region": "Central",
  "annual": {
    "fiscal_years": [
      "2017-18",
      "2018-19",
      "2019-20",
      "2020-21",
      "2021-22",
      "2022-23",
      "2023-24",
      "2024-25",
      "2025-26"
    ],
    "composite_score": [
      0.20806071821151162,
      0.226980210182741,
      0.2591132652952852,
      0.45382788467024016,
      0.22661312622691723,
      0.19030714992649644,
      0.19040787389994526,
      0.20479727863966357,
      null
    ],
    "rank": [
      12.0,
      12.0,
      12.0,
      10.0,
      11.0,
      11.0,
      10.0,
      11.0,
      null
    ],
    "rank_change": [
      null,
      0.0,
      0.0,
      2.0,
      -1.0,
      0.0,
      1.0,
      -1.0,
      null
    ],
    "gst_total": [
      15543.6746413,
      23338.5197402,
      28354.484628,
      27005.108805800002,
      31254.6560322,
      36231.74,
      42173.93,
      45072.08,
      31127.0
    ],
    "electricity_mu": [
      68828.0,
      76194.8,
      75949.6,
      82910.6,
      86223.7,
      93093.7,
      97595.88,
      103501.35,
      88063.41
    ],
    "bank_credit_yoy": [
      31514.0,
      39952.0,
      23884.0,
      34463.0,
      38870.0,
      52098.0,
      77832.0,
      60843.0,
      null
    ],
    "epfo_payroll": [
      31612.0,
      142061.0,
      190401.0,
      179978.0,
      262348.0,
      322448.0,
      307570.0,
      283973.0,
      null
    ],
    "gst_zscore": [
      0.007413068336223743,
      0.023480766025734484,
      0.060363116982833045,
      0.09137015819604503,
      0.02013349130361836,
      -0.008373462765429565,
      6.095371594536953e-05,
      -0.018801134003243524,
      -0.024792624543452362
    ],
    "electricity_zscore": [
      0.8121827164133956,
      0.8878612237390505,
      0.8798847419869046,
      1.0664029468781695,
      0.980189113611762,
      0.972005902989312,
      0.9304372554961688,
      0.9512546153752717,
      0.9193587176685479
    ],
    "credit_zscore": [
      0.21122616710101652,
      0.15459139180552764,
      0.24543855469899348,
      0.8439349201096208,
      0.11389522257321226,
      -0.0305003991937292,
      0.0019418016640032185,
      0.086590947082543,
      null
    ],
    "epfo_zscore": [
      -0.19857907900458935,
      -0.15801254083934865,
      -0.1492333524875903,
      -0.18639648650287471,
      -0.20776532258092362,
      -0.1719034413241675,
      -0.17080851527633648,
      -0.19985531389591674,
      null
    ],
    "n_components": [
      4,
      4,
      4,
      4,
      4,
      4,
      4,
      4,
      2
    ]
  },
  "monthly": {
    "months": [
      "2017-04",
      "2017-05",
      "2017-06",
      "2017-07",
      "2017-08",
      "2017-09",
      "2017-10",
      "2017-11",
      "2017-12",
      "2018-01",
      "2018-02",
      "2018-03",
      "2018-04",
      "2018-05",
      "2018-06",
      "2018-07",
      "2018-08",
      "2018-09",
      "2018-10",
      "2018-11",
      "2018-12",
      "2019-01",
      "2019-02",
      "2019-03",
      "2019-04",
      "2019-05",
      "2019-06",
      "2019-07",
      "2019-08",
      "2019-09",
      "2019-10",
      "2019-11",
      "2019-12",
      "2020-01",
      "2020-02",
      "2020-03",
      "2020-04",
      "2020-05",
      "2020-06",
      "2020-07",
      "2020-08",
      "2020-09",
      "2020-10",
      "2020-11",
      "2020-12",
      "2021-01",
      "2021-02",
      "2021-03",
      "2021-04",
      "2021-05",
      "2021-06",
      "2021-07",
      "2021-08",
      "2021-09",
      "2021-10",
      "2021-11",
      "2021-12",
      "2022-01",
      "2022-02",
      "2022-03",
      "2022-04",
      "2022-05",
      "2022-06",
      "2022-07",
      "2022-08",
      "2022-09",
      "2022-10",
      "2022-11",
      "2022-12",
      "2023-01",
      "2023-02",
      "2023-03",
      "2023-04",
      "2023-05",
      "2023-06",
      "2023-07",
      "2023-08",
      "2023-09",
      "2023-10",
      "2023-11",
      "2023-12",
      "2024-01",
      "2024-02",
      "2024-03",
      "2024-04",
      "2024-05",
      "2024-06",
      "2024-07",
      "2024-08",
      "2024-09",
      "2024-10",
      "2024-11",
      "2024-12",
      "2025-01",
      "2025-02",
      "2025-03",
      "2025-04",
      "2025-05",
      "2025-06",
      "2025-07",
      "2025-08",
      "2025-09",
      "2025-10",
      "2025-11",
      "2025-12",
      "2026-01",
      "2026-02"
    ],
    "gst_total": [
      null,
      null,
      null,
      0.8956595,
      2111.98575,
      1906.1443917,
      1927.2246096,
      1873.9588853,
      1873.5190777,
      1889.8678286,
      1960.2621983,
      1999.8162406,
      null,
      1863.6468447,
      2004.5600054,
      2068.6118006,
      1962.550551,
      1898.9501494,
      1992.5083151,
      2124.086286,
      2094.3459484,
      2414.1111633,
      2291.3872256,
      2623.7614507,
      2625.7125394,
      2251.2912733,
      2212.4610128,
      2281.6831777,
      2254.8517556,
      2087.0995267,
      2052.6079887,
      2452.5291129,
      2434.2019372,
      2673.6077932,
      2621.0401025,
      2407.398408,
      462.9283153,
      1339.1102342,
      2741.6271212,
      2288.852768,
      2208.8418824,
      2176.4417661,
      2403.2971375,
      2493.055361,
      2614.5901489,
      2756.3001879,
      2791.5708786,
      2728.4930047,
      3050.0268308000004,
      1928.4022577,
      2098.4408105,
      2657.0437856,
      2438.0621579999997,
      2329.1122895999997,
      2665.629048,
      2807.7888519999997,
      2532.88,
      2959.31,
      2852.8199999999997,
      2935.1400000000003,
      3339.39,
      2746.48,
      2837.3599999999997,
      2966.02,
      2814.26,
      2711.18,
      2920.19,
      2889.72,
      3078.55,
      3347.7599999999998,
      3234.5400000000004,
      3346.2900000000004,
      4267.04,
      3381.37,
      3385.21,
      3325.0499999999997,
      3063.88,
      3117.67,
      3325.5,
      3646.04,
      3422.86,
      3693.6800000000003,
      3571.58,
      3974.0499999999997,
      4727.829999999999,
      3402.4900000000002,
      3631.11,
      3683.01,
      3438.09,
      3094.5,
      3648.9500000000007,
      3811.9500000000007,
      3460.1800000000003,
      3910.68,
      4089.8099999999995,
      4173.4800000000005,
      5301.7300000000005,
      3733.25,
      3889.06,
      4329.49,
      3730.8599999999997,
      3736.5499999999997,
      3448.54,
      2957.52,
      null,
      null,
      null
    ],