{
  "state": "Maharashtra",
  "slug": "maharashtra",
  "region": "Western",
  "annual": {
    "fiscal_years": [
      "2017-18",
      "2018-19",
      "2019-20",
      "2020-21",
      "2021-22",
      "2022-23",
      "2023-24",
      "2024-25",
      "2025-26"
    ],
    "composite_score": [
      3.7011882609751217,
      2.6182031172756313,
      3.508939815133706,
      2.4571914333008205,
      3.786619512417382,
      4.133584829332138,
      4.045789894042023,
      4.011200574134114,
      null
    ],
    "rank": [
      1.0,
      1.0,
      1.0,
      1.0,
      1.0,
      1.0,
      1.0,
      1.0,
      null
    ],
    "rank_change": [
      null,
      0.0,
      0.0,
      0.0,
      0.0,
      0.0,
      0.0,
      0.0,
      null
    ],
    "gst_total": [
      105186.3149079,
      153562.7528987,
      185917.3460283,
      165308.0031374,
      217992.9120489,
      270345.99,
      320116.83999999997,
      359854.7,
      252334.89
    ],
    "electricity_mu": [
      154193.2,
      162521.3,
      159134.0,
      154579.7,
      176549.7,
      190305.40000000002,
      204148.524,
      208187.212,
      176505.256
    ],
    "bank_credit_yoy": [
      122809.0,
      -23240.0,
      84172.0,
      -6297.0,
      212604.0,
      615340.0,
      697914.0,
      452518.0,
      null
    ],
    "epfo_payroll": [
      458331.0,
      1575943.0,
      1744149.0,
      1495493.0,
      2645451.0,
      3028978.0,
      2845541.0,
      2862264.0,
      null
    ],
    "gst_zscore": [
      4.208167801974266,
      4.214748854152678,
      4.325954735521086,
      4.244929943373255,
      4.339135844687538,
      4.377904342117788,
      4.439568266760623,
      4.480611734261221,
      4.4713729998835365
    ],
    "electricity_zscore": [
      2.920493150900255,
      2.9048421051097186,
      2.8298625873383267,
      2.7625167601865455,
      2.936621341008695,
      2.922831947108613,
      2.9257639325957325,
      2.8269704268019606,
      2.7558568465336504
    ],
    "credit_zscore": [
      2.865769610908092,
      -1.1177751173903014,
      2.82661954035165,
      -1.018101788405453,
      3.9518856849681625,
      5.191837958664114,
      4.792514619629943,
      4.699350077837797,
      null
    ],
    "epfo_zscore": [
      4.810322480117873,
      4.470996627230431,
      4.053322397323761,
      3.8394208180489344,
      3.9188351790051303,
      4.041765069438037,
      4.025312757181793,
      4.037870057635478,
      null
    ],
    "n_components": [
      4,
      4,
      4,
      4,
      4,
      4,
      4,
      4,
      2
    ],
    "perf_score": [
      0.274123359165091,
      0.10400536622384707,
      0.3888178518888068,
      0.020800968485557417,
      0.6589276345548947,
      0.9174609435056166,
      0.7581295950262235,
      0.6701520817228586,
      null
    ],
    "perf_rank": [
      7.0,
      11.0,
      7.0,
      15.0,
      6.0,
      3.0,
      5.0,
      5.0,
      null
    ],
    "gst_pc_zscore": [
      0.5516598649680611,
      0.6363909952011632,
      0.6952331678946753,
      0.569714993749587,
      0.634412458315414,
      0.6972581324606737,
      0.7323082056754399,
      0.8119727713378216,
      null
    ],
    "electricity_pc_zscore": [
      -0.04903454177238737,
      -0.045234565783920974,
      -0.04314855433265718,
      0.45782909621835727,
      0.5361573444332282,
      -7.999687074162953e-05,
      -0.01824945213939275,
      -0.03482687279172387,
      null
    ],
    "credit_pc_zscore": [
      0.0522390626559474,
      -0.6365252483213523,
      0.3584734431524994,
      -1.2020603627788242,
      1.0527579211323428,
      2.570249034406062,
      1.8403212290528883,
      1.4222731253627454,
      null
    ],
    "epfo_pc_zscore": [
      0.5416290508087431,
      0.4613902837994983,
      0.5447133508407097,
      0.25772014675310967,
      0.4123828143385937,
      0.4024166040264725,
      0.4781383975159585,
      0.48118930298259127,
      null
    ],
    "population": [
      122153000.0,
      123413000.0,
      124673000.0,
      125933000.0,
      127193000.0,
      128453000.0,
      129713000.0,
      130973000.0,
      null
    ]
  },
  "monthly": {
    "months": [
      "2017-04",
      "2017-05",
      "2017-06",
      "2017-07",
      "2017-08",
      "2017-09",
      "2017-10",
      "2017-11",
      "2017-12",
      "2018-01",
      "2018-02",
      "2018-03",
      "2018-04",
      "2018-05",
      "2018-06",
      "2018-07",
      "2018-08",
      "2018-09",
      "2018-10",
      "2018-11",
      "2018-12",
      "2019-01",
      "2019-02",
      "2019-03",
      "2019-04",
      "2019-05",
      "2019-06",
      "2019-07",
      "2019-08",
      "2019-09",
      "2019-10",
      "2019-11",
      "2019-12",
      "2020-01",
      "2020-02",
      "2020-03",
      "2020-04",
      "2020-05",
      "2020-06",
      "2020-07",
      "2020-08",
      "2020-09",
      "2020-10",
      "2020-11",
      "2020-12",
      "2021-01",
      "2021-02",
      "2021-03",
      "2021-04",
      "2021-05",
      "2021-06",
      "2021-07",
      "2021-08",
      "2021-09",
      "2021-10",
      "2021-11",
      "2021-12",
      "2022-01",
      "2022-02",
      "2022-03",
      "2022-04",
      "2022-05",
      "2022-06",
      "2022-07",
      "2022-08",
      "2022-09",
      "2022-10",
      "2022-11",
      "2022-12",
      "2023-01",
      "2023-02",
      "2023-03",
      "2023-04",
      "2023-05",
      "2023-06",
      "2023-07",
      "2023-08",
      "2023-09",
      "2023-10",
      "2023-11",
      "2023-12",
      "2024-01",
      "2024-02",
      "2024-03",
      "2024-04",
      "2024-05",
      "2024-06",
      "2024-07",
      "2024-08",
      "2024-09",
      "2024-10",
      "2024-11",
      "2024-12",
      "2025-01",
      "2025-02",
      "2025-03",
      "2025-04",
      "2025-05",
      "2025-06",
      "2025-07",
      "2025-08",
      "2025-09",
      "2025-10",
      "2025-11",
      "2025-12",
      "2026-01",
      "2026-02"
    ],