{
  "state": "Manipur",
  "slug": "manipur",
  "region": "North-Eastern",
  "annual": {
    "fiscal_years": [
      "2017-18",
      "2018-19",
      "2019-20",
      "2020-21",
      "2021-22",
      "2022-23",
      "2023-24",
      "2024-25",
      "2025-26"
    ],
    "composite_score": [
      -0.7039387708203904,
      -0.7085236250410698,
      -0.7398791591959599,
      -0.7465414078875,
      -0.7301574837932198,
      -0.678775367808512,
      -0.7029248417449092,
      -0.7039554382289076,
      null
    ],
    "rank": [
      29.0,
      30.0,
      28.0,
      33.0,
      29.0,
      31.0,
      33.0,
      31.0,
      null
    ],
    "rank_change": [
      null,
      -1.0,
      2.0,
      -5.0,
      4.0,
      -2.0,
      -2.0,
      2.0,
      null
    ],
    "gst_total": [
      122.3264018,
      275.2875845,
      434.7439474,
      392.0965125,
      551.1521924,
      614.8399999999999,
      669.9200000000001,
      699.23,
      508.39
    ],
    "electricity_mu": [
      831.9,
      867.6,
      912.0,
      956.8,
      1014.8000000000001,
      1008.5,
      994.5,
      1072.2,
      1026.55
    ],
    "bank_credit_yoy": [
      1016.0,
      925.0,
      1183.0,
      1276.0,
      1758.0,
      2150.0,
      833.0,
      1250.0,
      null
    ],
    "epfo_payroll": [
      1009.0,
      1451.0,
      2146.0,
      1354.0,
      1604.0,
      2596.0,
      1190.0,
      1882.0,
      null
    ],
    "gst_zscore": [
      -0.7152486183733456,
      -0.7188095634983838,
      -0.6954889333068688,
      -0.7078809215307895,
      -0.6899968706794625,
      -0.6756784984424339,
      -0.6628714301886467,
      -0.653053979003291,
      -0.6471318265933269
    ],
    "electricity_zscore": [
      -0.8671536775083891,
      -0.872125828292303,
      -0.8791188400349874,
      -0.8731075567155967,
      -0.865408366859448,
      -0.8759425069030629,
      -0.8785400098510174,
      -0.8840264104999901,
      -0.8879648261242158
    ],
    "credit_zscore": [
      -0.675550391847756,
      -0.6312145291082846,
      -0.7264860332007704,
      -0.6721448700152506,
      -0.7059529478505471,
      -0.4936145779983701,
      -0.5929300320782427,
      -0.6152362179882371,
      null
    ],
    "epfo_zscore": [
      -0.5578023955520708,
      -0.6119445792653081,
      -0.6584228302412131,
      -0.7330322832883636,
      -0.6592717497834214,
      -0.6698658878901811,
      -0.6773578948617304,
      -0.6635051454241122,
      null
    ],
    "n_components": [
      4,
      4,
      4,
      4,
      4,
      4,
      4,
      4,
      2
    ]
  },
  "monthly": {
    "months": [
      "2017-04",
      "2017-05",
      "2017-06",
      "2017-07",
      "2017-08",
      "2017-09",
      "2017-10",
      "2017-11",
      "2017-12",
      "2018-01",
      "2018-02",
      "2018-03",
      "2018-04",
      "2018-05",
      "2018-06",
      "2018-07",
      "2018-08",
      "2018-09",
      "2018-10",
      "2018-11",
      "2018-12",
      "2019-01",
      "2019-02",
      "2019-03",
      "2019-04",
      "2019-05",
      "2019-06",
      "2019-07",
      "2019-08",
      "2019-09",
      "2019-10",
      "2019-11",
      "2019-12",
      "2020-01",
      "2020-02",
      "2020-03",
      "2020-04",
      "2020-05",
      "2020-06",
      "2020-07",
      "2020-08",
      "2020-09",
      "2020-10",
      "2020-11",
      "2020-12",
      "2021-01",
      "2021-02",
      "2021-03",
      "2021-04",
      "2021-05",
      "2021-06",
      "2021-07",
      "2021-08",
      "2021-09",
      "2021-10",
      "2021-11",
      "2021-12",
      "2022-01",
      "2022-02",
      "2022-03",
      "2022-04",
      "2022-05",
      "2022-06",
      "2022-07",
      "2022-08",
      "2022-09",
      "2022-10",
      "2022-11",
      "2022-12",
      "2023-01",
      "2023-02",
      "2023-03",
      "2023-04",
      "2023-05",
      "2023-06",
      "2023-07",
      "2023-08",
      "2023-09",
      "2023-10",
      "2023-11",
      "2023-12",
      "2024-01",
      "2024-02",
      "2024-03",
      "2024-04",
      "2024-05",
      "2024-06",
      "2024-07",
      "2024-08",
      "2024-09",
      "2024-10",
      "2024-11",
      "2024-12",
      "2025-01",
      "2025-02",
      "2025-03",
      "2025-04",
      "2025-05",
      "2025-06",
      "2025-07",
      "2025-08",
      "2025-09",
      "2025-10",
      "2025-11",
      "2025-12",
      "2026-01",
      "2026-02"
    ],
    "gst_total": [
      null,
      null,
      null,
      0.0354639,
      13.6829816,
      13.7217143,
      19.5071786,
      11.4440955,
      13.7161718,
      12.3038172,
      12.8455811,
      25.0693978,
      null,
      16.662072,
      21.9768084,
      24.3442354,
      16.6102367,
      31.8401109,
      24.3148761,
      21.4835786,
      27.1154521,
      23.7077735,
      21.1160718,
      46.116369,
      37.2397334,
      29.3787705,
      25.4424854,
      33.5709185,
      36.550036,
      41.5001038,
      43.0685548,
      35.2861526,
      44.4182111,
      35.0384869,
      37.3644652,
      35.8860292,
      21.5084859,
      18.5234352,
      28.8793823,
      25.3281451,
      26.0982045,
      33.5353844,
      43.1791493,
      31.9869029,
      40.6839591,
      39.6699192,
      32.3441095,
      50.3594351,
      102.6728864,
      21.6153635,
      21.842217500000004,
      37.3777275,
      44.5197426,
      32.809688699999995,
      64.2383687,
      35.4861975,
      47.86,
      44.300000000000004,
      38.79,
      59.64,
      68.97,
      47.46,
      38.79,
      45.01,
      34.54,
      38.47,
      49.5,
      50.44,
      45.66,
      67.05,
      63.72,
      65.22999999999999,
      90.72,
      39.43000000000001,
      60.36,
      42.04,
      40.34,
      56.400000000000006,
      69.82,
      39.74,
      49.900000000000006,
      56.419999999999995,
      55.55,
      69.2,
      103.98,
      58.50000000000001,
      62.089999999999996,
      67.66,
      55.55,
      37.81999999999999,
      66.6,
      38.22,
      45.85,
      55.58,
      50.39000000000001,
      56.99,
      120.57000000000001,
      118.36,
      39.87,
      43.39000000000001,
      42.089999999999996,
      37.5,
      64.92999999999999,
      41.67999999999999,
      null,
      null,
      null
    ],
    "electricity_mu": [
      69.39999999999999,
      71.9,
      61.7,
      61.0,
      65.4,
      64.9,
      66.6,
      68.8,
      79.4,
      83.7,
      70.6,
      68.5,
      63.3,
      65.6,
      65.0,
      72.0,
      70.2,
      67.6,
      71.7,
      73.8,
      81.8,
      86.8,
      74.3,
      75.5,
      69.0,
      75.0,
      72.7,
      76.8,
      77.6,
      72.9,
      76.0,
      74.1,
      78.6,
      82.60000000000001,
      76.4,
      80.3,
      65.9,
      72.5,
      76.3,
      81.8,
      82.8,
      76.5,
      82.7,
      80.8,
      95.0,
      90.5,
      74.9,
      77.1,
      74.2,
      76.4,
      78.2,
      80.2,
      82.5,
      79.2,
      80.60000000000001,
      80.5,
      98.2,
      106.9,
      94.4,
      83.5,
      74.8,
      75.8,
      77.4,
      83.0,
      83.3,
      81.2,
      79.3,
      83.5,
      98.7,
      104.8,
      82.7,
      84.0,
      77.2,
      72.76,
      70.79,
      80.85,
      81.07,
      80.11,
      82.48,
      79.51,
      93.74,
      95.58,
      86.43,
      93.98,
      84.64,
      85.65,
      93.87,
      83.04,
      81.67,
      80.76,
      83.7,
      78.99,
      112.3,
      113.94,
      89.14,
      84.5,
      83.92,
      96.94,
      88.27,
      101.22,
      94.59,
      92.34,
      96.05,
      96.8,
      117.67,
      120.63,
      38.12
    ],