{
  "state": "Meghalaya",
  "slug": "meghalaya",
  "region": "North-Eastern",
  "annual": {
    "fiscal_years": [
      "2017-18",
      "2018-19",
      "2019-20",
      "2020-21",
      "2021-22",
      "2022-23",
      "2023-24",
      "2024-25",
      "2025-26"
    ],
    "composite_score": [
      -0.6908431091939895,
      -0.6864887182438569,
      -0.7266608941014007,
      -0.7317782913855773,
      -0.7266323356758136,
      -0.6645823021825568,
      -0.6875138565406949,
      -0.6943025367732935,
      null
    ],
    "rank": [
      28.0,
      27.0,
      26.0,
      28.0,
      28.0,
      28.0,
      28.0,
      28.0,
      null
    ],
    "rank_change": [
      null,
      1.0,
      1.0,
      -2.0,
      0.0,
      0.0,
      0.0,
      0.0,
      null
    ],
    "gst_total": [
      648.0150092,
      1216.0024439,
      1521.6669944999999,
      1337.031421,
      1764.0969616,
      2075.83,
      2259.53,
      2191.83,
      1612.34
    ],
    "electricity_mu": [
      1831.1,
      2036.1999999999998,
      2087.0,
      2034.3,
      2236.6,
      2254.0,
      2079.12,
      2068.25,
      1825.03
    ],
    "bank_credit_yoy": [
      554.0,
      1604.0,
      987.0,
      1350.0,
      -273.0,
      2362.0,
      2423.0,
      1094.0,
      null
    ],
    "epfo_payroll": [
      2415.0,
      6682.0,
      3734.0,
      1940.0,
      4174.0,
      4163.0,
      3403.0,
      2653.0,
      null
    ],
    "gst_zscore": [
      -0.6906142602220505,
      -0.6885326474851319,
      -0.6660634087987375,
      -0.6795023134436344,
      -0.6619431048124887,
      -0.6483059313724825,
      -0.6374810173880865,
      -0.6317191808903218,
      -0.6246934676311481
    ],
    "electricity_zscore": [
      -0.8424758956237421,
      -0.8448220008700195,
      -0.8515749259322479,
      -0.8476075485692718,
      -0.8389445702180206,
      -0.8509480480267076,
      -0.8582291931572924,
      -0.8661796191732725,
      -0.8713843600636566
    ],
    "credit_zscore": [
      -0.6889837569941372,
      -0.6175429115025122,
      -0.734877611511345,
      -0.6687643323206943,
      -0.7508201507533994,
      -0.4916489296059102,
      -0.5806461554610117,
      -0.6170734310459963,
      null
    ],
    "epfo_zscore": [
      -0.541298523936028,
      -0.5950573131177639,
      -0.6541276301632722,
      -0.7312389712087085,
      -0.6548215169193462,
      -0.6674262997251268,
      -0.673699060156389,
      -0.6622379159835833,
      null
    ],
    "n_components": [
      4,
      4,
      4,
      4,
      4,
      4,
      4,
      4,
      2
    ]
  },
  "monthly": {
    "months": [
      "2017-04",
      "2017-05",
      "2017-06",
      "2017-07",
      "2017-08",
      "2017-09",
      "2017-10",
      "2017-11",
      "2017-12",
      "2018-01",
      "2018-02",
      "2018-03",
      "2018-04",
      "2018-05",
      "2018-06",
      "2018-07",
      "2018-08",
      "2018-09",
      "2018-10",
      "2018-11",
      "2018-12",
      "2019-01",
      "2019-02",
      "2019-03",
      "2019-04",
      "2019-05",
      "2019-06",
      "2019-07",
      "2019-08",
      "2019-09",
      "2019-10",
      "2019-11",
      "2019-12",
      "2020-01",
      "2020-02",
      "2020-03",
      "2020-04",
      "2020-05",
      "2020-06",
      "2020-07",
      "2020-08",
      "2020-09",
      "2020-10",
      "2020-11",
      "2020-12",
      "2021-01",
      "2021-02",
      "2021-03",
      "2021-04",
      "2021-05",
      "2021-06",
      "2021-07",
      "2021-08",
      "2021-09",
      "2021-10",
      "2021-11",
      "2021-12",
      "2022-01",
      "2022-02",
      "2022-03",
      "2022-04",
      "2022-05",
      "2022-06",
      "2022-07",
      "2022-08",
      "2022-09",
      "2022-10",
      "2022-11",
      "2022-12",
      "2023-01",
      "2023-02",
      "2023-03",
      "2023-04",
      "2023-05",
      "2023-06",
      "2023-07",
      "2023-08",
      "2023-09",
      "2023-10",
      "2023-11",
      "2023-12",
      "2024-01",
      "2024-02",
      "2024-03",
      "2024-04",
      "2024-05",
      "2024-06",
      "2024-07",
      "2024-08",
      "2024-09",
      "2024-10",
      "2024-11",
      "2024-12",
      "2025-01",
      "2025-02",
      "2025-03",
      "2025-04",
      "2025-05",
      "2025-06",
      "2025-07",
      "2025-08",
      "2025-09",
      "2025-10",
      "2025-11",
      "2025-12",
      "2026-01",
      "2026-02"
    ],
    "gst_total": [
      null,
      null,
      null,
      0.0332429,
      77.4803244,
      62.5455985,
      65.432286,
      61.0192256,
      70.3752954,
      90.4606942,
      115.2410973,
      105.4272449,
      null,
      126.5978171,
      116.1816727,
      113.8541185,
      102.3362846,
      92.536732,
      95.5979664,
      101.2846309,
      108.0348493,
      103.9116342,
      128.8766521,
      126.7900861,
      168.4052341,
      130.9443278,
      124.2255627,
      104.3815915,
      116.9109094,
      105.8864961,
      112.8947118,
      117.3996187,
      122.9740165,
      128.355518,
      156.5640794,
      132.7249285,
      20.7018171,
      93.3265839,
      115.9595773,
      120.4275126,
      108.186624,
      99.6551954,
      117.3808008,
      120.029121,
      105.8701559,
      137.0205334,
      146.5047883,
      151.9687113,
      206.1172064,
      124.3321441,
      104.845649,
      121.09910819999999,
      119.3595765,
      119.53633570000001,
      140.20242979999998,
      152.1845119,
      148.63,
      146.31,
      200.56,
      180.92000000000002,
      226.7,
      174.46,
      152.58999999999997,
      138.33,
      147.37,
      161.08,
      163.87,
      161.8,
      171.38,
      187.22000000000003,
      189.27,
      201.76000000000002,
      239.42000000000002,
      214.3,
      194.15,
      175.35999999999999,
      188.67000000000002,
      164.77,
      142.31,
      162.61999999999998,
      171.28000000000003,
      200.39,
      193.32000000000002,
      212.94000000000003,
      233.95999999999998,
      172.08,
      180.47,
      141.52,
      155.15000000000003,
      152.88,
      163.76,
      143.68,
      150.22,
      216.11,
      214.31000000000003,
      267.69,
      350.48999999999995,
      212.26000000000002,
      172.42000000000002,
      177.7,
      209.02,
      193.95000000000002,
      161.06,
      135.44,
      null,
      null,
      null
    ],
    "electricity_mu": [
      130.3,
      126.6,
      129.2,
      140.5,
      148.9,
      143.2,
      160.4,
      164.7,
      185.0,
      187.1,
      155.2,
      160.0,
      141.6,
      147.7,
      159.0,
      174.5,
      169.1,
      157.2,
      157.2,
      172.2,
      195.7,
      196.7,
      175.6,
      189.7,
      163.1,
      160.0,
      168.3,
      175.8,
      170.2,
      167.5,
      175.0,
      176.6,
      188.4,
      196.1,
      184.4,
      161.6,
      115.1,
      145.3,
      161.1,
      165.6,
      165.6,
      161.9,
      178.6,
      176.2,
      203.9,
      210.7,
      177.6,
      172.7,
      151.2,
      165.2,
      167.0,
      174.8,
      181.2,
      166.9,
      181.0,
      196.9,
      222.8,
      224.8,
      203.2,
      201.6,
      167.9,
      170.9,
      157.2,
      178.8,
      186.5,
      178.6,
      188.8,
      199.4,
      216.9,
      223.1,
      191.9,
      194.0,
      153.5,
      154.63,
      144.34,
      162.33,
      165.56,
      165.52,
      176.17,
      187.02,
      199.16,
      198.44,
      189.26,
      183.19,
      166.35,
      160.57,
      168.32,
      175.38,
      175.83,
      138.89,
      157.65,
      187.06,
      202.07,
      204.74,
      157.94,
      173.45,
      165.71,
      169.81,
      165.68,
      169.38,
      183.34,
      172.12,
      172.58,
      173.61,
      191.48,
      198.14000000000001,
      63.18
    ],