{
  "state": "Mizoram",
  "slug": "mizoram",
  "region": "North-Eastern",
  "annual": {
    "fiscal_years": [
      "2017-18",
      "2018-19",
      "2019-20",
      "2020-21",
      "2021-22",
      "2022-23",
      "2023-24",
      "2024-25",
      "2025-26"
    ],
    "composite_score": [
      -0.7135739980073533,
      -0.7121701881287477,
      -0.7527901614523365,
      -0.7548704693747483,
      -0.7388350976583704,
      -0.685133517851022,
      -0.7047853870692555,
      -0.707323181774714,
      null
    ],
    "rank": [
      32.0,
      32.0,
      32.0,
      34.0,
      31.0,
      34.0,
      34.0,
      34.0,
      null
    ],
    "rank_change": [
      null,
      0.0,
      0.0,
      -2.0,
      3.0,
      -3.0,
      0.0,
      0.0,
      null
    ],
    "gst_total": [
      66.6220416,
      195.8201219,
      295.8183248,
      256.53445899999997,
      316.14548890000003,
      418.59000000000003,
      499.83000000000004,
      512.16,
      289.34999999999997
    ],
    "electricity_mu": [
      510.8,
      591.5,
      626.0,
      586.8,
      610.7,
      648.8,
      697.35,
      732.8,
      666.51
    ],
    "bank_credit_yoy": [
      422.0,
      808.0,
      337.0,
      889.0,
      919.0,
      972.0,
      1082.0,
      1013.0,
      null
    ],
    "epfo_payroll": [
      95.0,
      453.0,
      313.0,
      436.0,
      456.0,
      274.0,
      534.0,
      711.0,
      null
    ],
    "gst_zscore": [
      -0.7178589872123101,
      -0.7213672244802259,
      -0.6992499717019334,
      -0.7119521674474775,
      -0.6954322566958486,
      -0.6793553656951036,
      -0.6655882319911312,
      -0.65572790415604,
      -0.6515839287239268
    ],
    "electricity_zscore": [
      -0.875084057575603,
      -0.8785767839240781,
      -0.8858231459357393,
      -0.8818639400233834,
      -0.8741610434209154,
      -0.8831608985994298,
      -0.8841045017288551,
      -0.8901076323023974,
      -0.8954410697376359
    ],
    "credit_zscore": [
      -0.6928218613216747,
      -0.6335703159416798,
      -0.7627068252964138,
      -0.6898241684989438,
      -0.7244874546134683,
      -0.5045369072734535,
      -0.5910063306457329,
      -0.6180273685952175,
      null
    ],
    "epfo_zscore": [
      -0.5685310859198255,
      -0.615166428169007,
      -0.6633807028752594,
      -0.7358416015291883,
      -0.6612596359032495,
      -0.6734808998361007,
      -0.6784424839113028,
      -0.6654298220452008,
      null
    ],
    "n_components": [
      4,
      4,
      4,
      4,
      4,
      4,
      4,
      4,
      2
    ]
  },
  "monthly": {
    "months": [
      "2017-04",
      "2017-05",
      "2017-06",
      "2017-07",
      "2017-08",
      "2017-09",
      "2017-10",
      "2017-11",
      "2017-12",
      "2018-01",
      "2018-02",
      "2018-03",
      "2018-04",
      "2018-05",
      "2018-06",
      "2018-07",
      "2018-08",
      "2018-09",
      "2018-10",
      "2018-11",
      "2018-12",
      "2019-01",
      "2019-02",
      "2019-03",
      "2019-04",
      "2019-05",
      "2019-06",
      "2019-07",
      "2019-08",
      "2019-09",
      "2019-10",
      "2019-11",
      "2019-12",
      "2020-01",
      "2020-02",
      "2020-03",
      "2020-04",
      "2020-05",
      "2020-06",
      "2020-07",
      "2020-08",
      "2020-09",
      "2020-10",
      "2020-11",
      "2020-12",
      "2021-01",
      "2021-02",
      "2021-03",
      "2021-04",
      "2021-05",
      "2021-06",
      "2021-07",
      "2021-08",
      "2021-09",
      "2021-10",
      "2021-11",
      "2021-12",
      "2022-01",
      "2022-02",
      "2022-03",
      "2022-04",
      "2022-05",
      "2022-06",
      "2022-07",
      "2022-08",
      "2022-09",
      "2022-10",
      "2022-11",
      "2022-12",
      "2023-01",
      "2023-02",
      "2023-03",
      "2023-04",
      "2023-05",
      "2023-06",
      "2023-07",
      "2023-08",
      "2023-09",
      "2023-10",
      "2023-11",
      "2023-12",
      "2024-01",
      "2024-02",
      "2024-03",
      "2024-04",
      "2024-05",
      "2024-06",
      "2024-07",
      "2024-08",
      "2024-09",
      "2024-10",
      "2024-11",
      "2024-12",
      "2025-01",
      "2025-02",
      "2025-03",
      "2025-04",
      "2025-05",
      "2025-06",
      "2025-07",
      "2025-08",
      "2025-09",
      "2025-10",
      "2025-11",
      "2025-12",
      "2026-01",
      "2026-02"
    ],
    "gst_total": [
      null,
      null,
      null,
      3e-07,
      6.0600021,
      7.5195701,
      10.4648581,
      8.4800437,
      6.5792137,
      7.8368446,
      8.2143995,
      11.4671095,
      null,
      13.7618819,
      10.2694997,
      10.2184452,
      10.8031117,
      13.3963146,
      10.2083076,
      15.7863278,
      13.0828555,
      26.4078363,
      22.1355411,
      49.7500005,
      35.0745318,
      22.1414611,
      23.9686095,
      19.0320976,
      27.8219925,
      29.2535317,
      18.3764999,
      16.8394085,
      20.9197034,
      24.3666965,
      24.8369926,
      33.1867997,
      9.2465795,
      10.6393603,
      24.201131,
      16.0170332,
      12.1395796,
      16.8952175,
      31.6539589,
      16.761146,
      25.3845971,
      37.611706,
      21.0576285,
      34.9265214,
      57.340284000000004,
      14.725089,
      17.3765155,
      20.986484600000004,
      15.9472256,
      19.571281,
      31.8322295,
      23.0063797,
      19.6,
      34.760000000000005,
      24.23,
      36.769999999999996,
      46.34,
      25.0,
      25.85,
      26.6,
      28.310000000000002,
      23.93,
      24.470000000000002,
      23.790000000000003,
      22.75,
      43.67999999999999,
      57.58,
      70.28999999999999,
      70.92999999999999,
      38.02,
      55.370000000000005,
      39.14,
      31.910000000000004,
      27.390000000000004,
      39.440000000000005,
      32.53,
      26.84,
      38.68,
      49.34,
      50.24,
      108.07000000000001,
      39.0,
      42.23,
      38.879999999999995,
      27.659999999999997,
      26.150000000000002,
      41.42,
      37.88,
      28.270000000000003,
      34.65,
      41.64,
      46.309999999999995,
      77.81999999999998,
      28.7,
      30.04,
      30.799999999999997,
      29.86,
      29.380000000000003,
      40.120000000000005,
      22.63,
      null,
      null,
      null
    ],
    "electricity_mu": [
      40.2,
      41.3,
      35.6,
      39.5,
      38.5,
      38.2,
      40.1,
      42.0,
      50.1,
      54.8,
      45.3,
      45.2,
      42.9,
      47.8,
      46.8,
      46.4,
      45.4,
      46.3,
      52.0,
      52.3,
      51.9,
      55.199999999999996,
      51.6,
      52.9,
      51.8,
      52.5,
      50.0,
      53.5,
      52.8,
      50.5,
      53.4,
      53.3,
      55.1,
      52.8,
      48.6,
      51.7,
      44.7,
      48.1,
      49.8,
      50.5,
      49.4,
      48.1,
      48.6,
      48.6,
      51.5,
      51.6,
      47.4,
      48.5,
      48.3,
      48.1,
      49.4,
      49.6,
      49.0,
      46.1,
      50.2,
      49.9,
      55.9,
      58.8,
      53.2,
      52.2,
      51.9,
      54.5,
      52.7,
      51.8,
      53.8,
      47.7,
      49.7,
      54.0,
      59.3,
      65.6,
      53.6,
      54.2,
      54.3,
      55.26,
      52.730000000000004,
      56.08,
      57.51,
      54.61,
      57.4,
      55.17,
      61.93,
      68.92999999999999,
      62.83,
      60.6,
      56.089999999999996,
      57.39,
      55.04,
      60.28,
      56.44,
      63.79,
      58.47,
      58.73,
      69.64,
      70.26,
      61.6,
      65.07,
      60.99,
      60.27,
      60.57,
      66.59,
      63.01,
      62.33,
      62.83,
      63.61,
      70.18,
      72.64,
      23.490000000000002
    ],