{
  "state": "Nagaland",
  "slug": "nagaland",
  "region": "North-Eastern",
  "annual": {
    "fiscal_years": [
      "2017-18",
      "2018-19",
      "2019-20",
      "2020-21",
      "2021-22",
      "2022-23",
      "2023-24",
      "2024-25",
      "2025-26"
    ],
    "composite_score": [
      -0.7117801030414308,
      -0.712206357816473,
      -0.7479183279344871,
      -0.7336625668250552,
      -0.7464262692372259,
      -0.6819024810184369,
      -0.7024243068776412,
      -0.705740668913705,
      null
    ],
    "rank": [
      31.0,
      33.0,
      30.0,
      29.0,
      34.0,
      33.0,
      32.0,
      32.0,
      null
    ],
    "rank_change": [
      null,
      -2.0,
      3.0,
      1.0,
      -5.0,
      1.0,
      1.0,
      0.0,
      null
    ],
    "gst_total": [
      104.4445307,
      209.844639,
      316.7500063,
      388.65716269999996,
      419.9924315,
      566.23,
      711.44,
      681.6,
      578.76
    ],
    "electricity_mu": [
      758.8,
      782.8000000000001,
      798.3,
      812.8,
      871.5,
      873.3,
      918.72,
      967.29,
      892.58
    ],
    "bank_credit_yoy": [
      509.0,
      512.0,
      653.0,
      2564.0,
      -827.0,
      1424.0,
      1239.0,
      1004.0,
      null
    ],
    "epfo_payroll": [
      -182.0,
      730.0,
      813.0,
      108.0,
      546.0,
      1213.0,
      961.0,
      597.0,
      null
    ],
    "gst_zscore": [
      -0.7160865829228751,
      -0.7209158452741677,
      -0.6986833025999964,
      -0.7079842132593211,
      -0.6930304178919079,
      -0.6765892373833371,
      -0.6622082424007746,
      -0.6533059771881575,
      -0.6457015196771002
    ],
    "electricity_zscore": [
      -0.868959067676291,
      -0.8741071431694291,
      -0.8817841532549716,
      -0.876515446435384,
      -0.8685121989585776,
      -0.8786556749802071,
      -0.8799590816817512,
      -0.8859061423187601,
      -0.8907467180164774
    ],
    "credit_zscore": [
      -0.6902922016512522,
      -0.6395302552808678,
      -0.7491775459793649,
      -0.6133052409532433,
      -0.763058668925817,
      -0.5003459965499071,
      -0.5897933944011384,
      -0.618133361656242,
      null
    ],
    "epfo_zscore": [
      -0.5717825599153048,
      -0.6142721875414273,
      -0.6620283099036156,
      -0.7368453666522716,
      -0.661103791172601,
      -0.672019015160296,
      -0.6777365090269012,
      -0.6656171944916603,
      null
    ],
    "n_components": [
      4,
      4,
      4,
      4,
      4,
      4,
      4,
      4,
      2
    ]
  },
  "monthly": {
    "months": [
      "2017-04",
      "2017-05",
      "2017-06",
      "2017-07",
      "2017-08",
      "2017-09",
      "2017-10",
      "2017-11",
      "2017-12",
      "2018-01",
      "2018-02",
      "2018-03",
      "2018-04",
      "2018-05",
      "2018-06",
      "2018-07",
      "2018-08",
      "2018-09",
      "2018-10",
      "2018-11",
      "2018-12",
      "2019-01",
      "2019-02",
      "2019-03",
      "2019-04",
      "2019-05",
      "2019-06",
      "2019-07",
      "2019-08",
      "2019-09",
      "2019-10",
      "2019-11",
      "2019-12",
      "2020-01",
      "2020-02",
      "2020-03",
      "2020-04",
      "2020-05",
      "2020-06",
      "2020-07",
      "2020-08",
      "2020-09",
      "2020-10",
      "2020-11",
      "2020-12",
      "2021-01",
      "2021-02",
      "2021-03",
      "2021-04",
      "2021-05",
      "2021-06",
      "2021-07",
      "2021-08",
      "2021-09",
      "2021-10",
      "2021-11",
      "2021-12",
      "2022-01",
      "2022-02",
      "2022-03",
      "2022-04",
      "2022-05",
      "2022-06",
      "2022-07",
      "2022-08",
      "2022-09",
      "2022-10",
      "2022-11",
      "2022-12",
      "2023-01",
      "2023-02",
      "2023-03",
      "2023-04",
      "2023-05",
      "2023-06",
      "2023-07",
      "2023-08",
      "2023-09",
      "2023-10",
      "2023-11",
      "2023-12",
      "2024-01",
      "2024-02",
      "2024-03",
      "2024-04",
      "2024-05",
      "2024-06",
      "2024-07",
      "2024-08",
      "2024-09",
      "2024-10",
      "2024-11",
      "2024-12",
      "2025-01",
      "2025-02",
      "2025-03",
      "2025-04",
      "2025-05",
      "2025-06",
      "2025-07",
      "2025-08",
      "2025-09",
      "2025-10",
      "2025-11",
      "2025-12",
      "2026-01",
      "2026-02"
    ],
    "gst_total": [
      null,
      null,
      null,
      0.0002015,
      13.7265523,
      13.1670274,
      14.706679,
      12.4476611,
      10.3295174,
      15.4304676,
      12.166116,
      12.4703084,
      null,
      13.428849,
      13.4320388,
      12.4935561,
      15.2973166,
      21.9991002,
      18.5819128,
      15.0974942,
      16.5367242,
      17.4399969,
      19.650159,
      45.8874912,
      28.9228977,
      23.6211179,
      19.8609644,
      22.8692882,
      26.847397,
      20.6302832,
      24.5010626,
      22.5605797,
      31.1564694,
      32.095613,
      24.9295488,
      38.7547844,
      14.3753613,
      32.7319227,
      32.4053067,
      25.3302217,
      31.3557636,
      29.4632006,
      29.5015473,
      29.6049228,
      38.2253393,
      45.3496397,
      34.834762,
      45.479175,
      51.601126199999996,
      29.3991526,
      30.1411591,
      28.175332800000003,
      31.837256200000002,
      30.488755700000002,
      38.341198299999995,
      30.2384506,
      33.699999999999996,
      40.55,
      32.84,
      42.68,
      68.03999999999999,
      49.13000000000001,
      33.58,
      41.650000000000006,
      37.72,
      49.11,
      43.269999999999996,
      33.5,
      43.71,
      55.190000000000005,
      53.669999999999995,
      57.66,
      88.10000000000001,
      51.989999999999995,
      79.2,
      42.95,
      51.489999999999995,
      51.58,
      49.01,
      66.56,
      45.61,
      51.150000000000006,
      51.21,
      82.59,
      85.86,
      44.690000000000005,
      49.44,
      57.589999999999996,
      42.300000000000004,
      48.51,
      45.33,
      51.85,
      50.84,
      64.61999999999999,
      55.92000000000001,
      84.65,
      121.75,
      65.16000000000001,
      84.46999999999998,
      70.25999999999999,
      56.45000000000001,
      56.38,
      66.08,
      58.209999999999994,
      null,
      null,
      null
    ],
    "electricity_mu": [
      55.5,
      66.2,
      63.3,
      62.1,
      64.8,
      62.0,
      67.5,
      62.2,
      70.5,
      62.8,
      57.8,
      64.1,
      59.8,
      59.8,
      64.4,
      68.0,
      70.9,
      68.3,
      69.3,
      64.9,
      66.60000000000001,
      66.0,
      59.400000000000006,
      65.4,
      62.7,
      65.7,
      64.9,
      69.6,
      71.6,
      66.2,
      65.5,
      64.9,
      67.2,
      69.6,
      64.5,
      65.9,
      59.9,
      65.0,
      67.8,
      72.2,
      70.6,
      67.8,
      75.7,
      66.6,
      70.5,
      69.0,
      61.1,
      66.6,
      63.3,
      68.8,
      74.2,
      78.1,
      77.5,
      75.9,
      73.1,
      69.1,
      75.5,
      73.8,
      67.6,
      74.6,
      66.5,
      73.2,
      77.6,
      84.60000000000001,
      85.5,
      81.1,
      73.3,
      64.5,
      71.39999999999999,
      65.2,
      59.2,
      71.2,
      65.8,
      75.51,
      81.01,
      87.01,
      89.14,
      87.13,
      81.59,
      68.57,
      74.22,
      70.65,
      68.81,
      69.28,
      66.89,
      80.21,
      85.92,
      94.49,
      93.42,
      90.83,
      81.76,
      72.02,
      78.58,
      74.26,
      69.19,
      79.72,
      75.52,
      82.28999999999999,
      89.14,
      100.27,
      94.55,
      92.06,
      90.17,
      75.92,
      84.79,
      81.55,
      26.32
    ],