{
  "state": "Odisha",
  "slug": "odisha",
  "region": "Eastern",
  "annual": {
    "fiscal_years": [
      "2017-18",
      "2018-19",
      "2019-20",
      "2020-21",
      "2021-22",
      "2022-23",
      "2023-24",
      "2024-25",
      "2025-26"
    ],
    "composite_score": [
      -0.24595016854478646,
      -0.1763173959029824,
      -0.16338726107127555,
      -0.15464257700567186,
      -0.06161863313390562,
      -0.08748683515449275,
      -0.10601845652352018,
      -0.1228527770080384,
      null
    ],
    "rank": [
      15.0,
      15.0,
      14.0,
      15.0,
      13.0,
      13.0,
      13.0,
      13.0,
      null
    ],
    "rank_change": [
      null,
      0.0,
      1.0,
      -1.0,
      2.0,
      0.0,
      0.0,
      0.0,
      null
    ],
    "gst_total": [
      14848.712372599999,
      24779.849839,
      29677.2491539,
      29843.784045599998,
      44334.6689049,
      49441.89,
      54747.97,
      60928.44,
      39941.67
    ],
    "electricity_mu": [
      28562.4,
      31373.3,
      30029.5,
      29976.4,
      38258.0,
      42268.2,
      41205.154,
      42203.585,
      37517.612
    ],
    "bank_credit_yoy": [
      7653.0,
      26627.0,
      16233.0,
      12075.0,
      27451.0,
      32906.0,
      50148.0,
      31610.0,
      null
    ],
    "epfo_payroll": [
      23500.0,
      35489.0,
      71427.0,
      100361.0,
      167483.0,
      219180.0,
      236995.0,
      226379.0,
      null
    ],
    "gst_zscore": [
      -0.02515364356850237,
      0.06986998791659861,
      0.09617341659806986,
      0.17662222306564893,
      0.3226564321542125,
      0.23912701080325774,
      0.2009027112355609,
      0.20784514725534037,
      0.15437013608261677
    ],
    "electricity_zscore": [
      -0.18227854685165953,
      -0.159373502264615,
      -0.19655720694007986,
      -0.1863325809354663,
      -0.05873258434511711,
      -0.04795063624809968,
      -0.1255470514611694,
      -0.14705211696665166,
      -0.13022660474764666
    ],
    "credit_zscore": [
      -0.4825693431972542,
      -0.11370655310893026,
      -0.08213269863879312,
      -0.17881478131912001,
      -0.13836405361963391,
      -0.20844721026962149,
      -0.21193671422997382,
      -0.25768629213203115,
      null
    ],
    "epfo_zscore": [
      -0.2937991405617298,
      -0.502059516154983,
      -0.4710325553042991,
      -0.43004516883375,
      -0.37203432672508396,
      -0.3326765049035076,
      -0.2874927716384984,
      -0.29451784618881116,
      null
    ],
    "n_components": [
      4,
      4,
      4,
      4,
      4,
      4,
      4,
      4,
      2
    ]
  },
  "monthly": {
    "months": [
      "2017-04",
      "2017-05",
      "2017-06",
      "2017-07",
      "2017-08",
      "2017-09",
      "2017-10",
      "2017-11",
      "2017-12",
      "2018-01",
      "2018-02",
      "2018-03",
      "2018-04",
      "2018-05",
      "2018-06",
      "2018-07",
      "2018-08",
      "2018-09",
      "2018-10",
      "2018-11",
      "2018-12",
      "2019-01",
      "2019-02",
      "2019-03",
      "2019-04",
      "2019-05",
      "2019-06",
      "2019-07",
      "2019-08",
      "2019-09",
      "2019-10",
      "2019-11",
      "2019-12",
      "2020-01",
      "2020-02",
      "2020-03",
      "2020-04",
      "2020-05",
      "2020-06",
      "2020-07",
      "2020-08",
      "2020-09",
      "2020-10",
      "2020-11",
      "2020-12",
      "2021-01",
      "2021-02",
      "2021-03",
      "2021-04",
      "2021-05",
      "2021-06",
      "2021-07",
      "2021-08",
      "2021-09",
      "2021-10",
      "2021-11",
      "2021-12",
      "2022-01",
      "2022-02",
      "2022-03",
      "2022-04",
      "2022-05",
      "2022-06",
      "2022-07",
      "2022-08",
      "2022-09",
      "2022-10",
      "2022-11",
      "2022-12",
      "2023-01",
      "2023-02",
      "2023-03",
      "2023-04",
      "2023-05",
      "2023-06",
      "2023-07",
      "2023-08",
      "2023-09",
      "2023-10",
      "2023-11",
      "2023-12",
      "2024-01",
      "2024-02",
      "2024-03",
      "2024-04",
      "2024-05",
      "2024-06",
      "2024-07",
      "2024-08",
      "2024-09",
      "2024-10",
      "2024-11",
      "2024-12",
      "2025-01",
      "2025-02",
      "2025-03",
      "2025-04",
      "2025-05",
      "2025-06",
      "2025-07",
      "2025-08",
      "2025-09",
      "2025-10",
      "2025-11",
      "2025-12",
      "2026-01",
      "2026-02"
    ],
    "gst_total": [
      null,
      null,
      null,
      0.4174278,
      1909.7644406,
      1716.1974724,
      1800.9336976,
      1784.375053,
      1704.8334271,
      1958.5026385,
      1982.246046,
      1991.4421696,
      null,
      1891.9527579,
      2151.8977448,
      2058.8839444,
      2241.7501772,
      2186.7671147,
      2189.6888423,
      2374.3091087,
      2346.6029077,
      2338.0413442,
      2374.0430655,
      2625.9128316,
      2955.5959285,
      2140.3718593,
      2923.4685079,
      2494.3731219,
      2497.2319044,
      2015.0320467,
      1993.8450759,
      2347.0348834,
      2383.2809167,
      2503.9764766,
      2790.1583318,
      2632.8801008,
      774.2956986,
      1724.2670041,
      2693.7430528,
      2348.4098573,
      2348.2846627,
      2383.9887594,
      2419.2771648,
      2528.0083323,
      2860.1958492,
      3137.4541602,
      3340.5658638,
      3285.2936404,
      3849.4816147,
      3196.7501041,
      2999.9039433999997,
      3615.2340139,
      3316.5483813,
      3325.944062,
      3593.3420753,
      4135.7747102,
      4080.1400000000003,
      3995.4,
      4101.49,
      4124.66,
      4910.23,
      3955.75,
      3965.2799999999997,
      3651.61,
      3883.9,
      3765.1699999999996,
      3769.44,
      4162.26,
      3854.29,
      4255.59,
      4519.35,
      4749.02,
      5035.74,
      4397.7300000000005,
      4379.97,
      4245.400000000001,
      4408.27,
      4249.12,
      4176.9400000000005,
      4295.08,
      4351.42,
      4963.16,
      5135.81,
      5109.33,
      5902.25,
      5026.79,
      4987.27,
      4925.0199999999995,
      4878.36,
      4596.17,
      4591.9800000000005,
      4704.25,
      4841.27,
      5321.1900000000005,
      5344.4800000000005,
      5809.41,
      6174.150000000001,
      5108.469999999999,
      5078.55,
      4990.81,
      5030.43,
      4864.88,
      4824.3099999999995,
      3870.0699999999997,
      null,
      null,
      null
    ],