{
  "state": "Puducherry",
  "slug": "puducherry",
  "region": "Southern",
  "annual": {
    "fiscal_years": [
      "2017-18",
      "2018-19",
      "2019-20",
      "2020-21",
      "2021-22",
      "2022-23",
      "2023-24",
      "2024-25",
      "2025-26"
    ],
    "composite_score": [
      -0.7199242175375539,
      -0.7033594152960788,
      -0.7425329107035258,
      -0.721059007456032,
      -0.7339894661676993,
      -0.655784113903684,
      -0.6783510021446338,
      -0.6866920708936832,
      null
    ],
    "rank": [
      33.0,
      29.0,
      29.0,
      26.0,
      30.0,
      27.0,
      27.0,
      27.0,
      null
    ],
    "rank_change": [
      null,
      4.0,
      0.0,
      3.0,
      -4.0,
      3.0,
      0.0,
      0.0,
      null
    ],
    "gst_total": [
      1317.294157,
      1753.8484102,
      1871.3017224,
      1646.2130416,
      1823.7947881999999,
      2373.32,
      2636.21,
      2865.28,
      1872.4
    ],
    "electricity_mu": [
      2532.8,
      2696.8,
      2797.3,
      2612.4,
      2894.5,
      3243.6,
      3483.25,
      3566.16,
      3053.9700000000003
    ],
    "bank_credit_yoy": [
      1022.0,
      2005.0,
      959.0,
      1563.0,
      1271.0,
      2159.0,
      3587.0,
      2659.0,
      null
    ],
    "epfo_payroll": [
      null,
      null,
      null,
      null,
      null,
      null,
      null,
      null,
      null
    ],
    "gst_zscore": [
      -0.6592510881882431,
      -0.6712220703351995,
      -0.6565979868609425,
      -0.6702168653563296,
      -0.6605623751265788,
      -0.642732269008168,
      -0.6314644091044729,
      -0.6220930789278541,
      -0.6194076126271132
    ],
    "electricity_zscore": [
      -0.8251456318642777,
      -0.8293873710607086,
      -0.8349243368367791,
      -0.8339262912983758,
      -0.8246946669520236,
      -0.8310889420419295,
      -0.8319351666372579,
      -0.8393407183186933,
      -0.8458653765443903
    ],
    "credit_zscore": [
      -0.6753759325601406,
      -0.6094688044923285,
      -0.7360764084128557,
      -0.6590338657133903,
      -0.7167113564244953,
      -0.49353113066095433,
      -0.5716534306921709,
      -0.5986424154345021,
      null
    ],
    "epfo_zscore": [
      null,
      null,
      null,
      null,
      null,
      null,
      null,
      null,
      null
    ],
    "n_components": [
      3,
      3,
      3,
      3,
      3,
      3,
      3,
      3,
      2
    ]
  },
  "monthly": {
    "months": [
      "2017-04",
      "2017-05",
      "2017-06",
      "2017-07",
      "2017-08",
      "2017-09",
      "2017-10",
      "2017-11",
      "2017-12",
      "2018-01",
      "2018-02",
      "2018-03",
      "2018-04",
      "2018-05",
      "2018-06",
      "2018-07",
      "2018-08",
      "2018-09",
      "2018-10",
      "2018-11",
      "2018-12",
      "2019-01",
      "2019-02",
      "2019-03",
      "2019-04",
      "2019-05",
      "2019-06",
      "2019-07",
      "2019-08",
      "2019-09",
      "2019-10",
      "2019-11",
      "2019-12",
      "2020-01",
      "2020-02",
      "2020-03",
      "2020-04",
      "2020-05",
      "2020-06",
      "2020-07",
      "2020-08",
      "2020-09",
      "2020-10",
      "2020-11",
      "2020-12",
      "2021-01",
      "2021-02",
      "2021-03",
      "2021-04",
      "2021-05",
      "2021-06",
      "2021-07",
      "2021-08",
      "2021-09",
      "2021-10",
      "2021-11",
      "2021-12",
      "2022-01",
      "2022-02",
      "2022-03",
      "2022-04",
      "2022-05",
      "2022-06",
      "2022-07",
      "2022-08",
      "2022-09",
      "2022-10",
      "2022-11",
      "2022-12",
      "2023-01",
      "2023-02",
      "2023-03",
      "2023-04",
      "2023-05",
      "2023-06",
      "2023-07",
      "2023-08",
      "2023-09",
      "2023-10",
      "2023-11",
      "2023-12",
      "2024-01",
      "2024-02",
      "2024-03",
      "2024-04",
      "2024-05",
      "2024-06",
      "2024-07",
      "2024-08",
      "2024-09",
      "2024-10",
      "2024-11",
      "2024-12",
      "2025-01",
      "2025-02",
      "2025-03",
      "2025-04",
      "2025-05",
      "2025-06",
      "2025-07",
      "2025-08",
      "2025-09",
      "2025-10",
      "2025-11",
      "2025-12",
      "2026-01",
      "2026-02"
    ],
    "gst_total": [
      null,
      null,
      null,
      0.0037432,
      207.9433663,
      184.3172319,
      144.2333758,
      174.4048474,
      161.1502118,
      162.7808527,
      138.9300631,
      143.5304648,
      null,
      155.5014576,
      146.03917,
      160.9648888,
      149.1204311,
      160.8192509,
      141.0311073,
      170.2045058,
      151.9054297,
      158.9745998,
      175.3023316,
      183.9852376,
      173.2722891,
      144.1987022,
      135.2545396,
      144.5204634,
      160.5214456,
      149.4229404,
      145.7347725,
      157.1709591,
      165.4514232,
      187.5712222,
      158.8642714,
      149.3186937,
      31.5324448,
      98.9850486,
      140.5724624,
      136.3261333,
      136.7862787,
      148.2915697,
      160.9526566,
      158.2208943,
      159.004634,
      156.45076,
      158.0527334,
      161.0374258,
      169.4868612,
      123.1194201,
      104.0751699,
      128.6179775,
      156.3763787,
      160.11759600000002,
      151.8082339,
      172.25315089999998,
      146.96999999999997,
      169.25,
      178.38,
      163.34,
      205.76000000000002,
      181.12,
      182.45,
      198.39000000000001,
      200.22,
      188.43,
      203.70999999999998,
      209.36,
      191.71,
      220.2,
      188.14,
      203.82999999999998,
      217.98999999999998,
      202.29999999999998,
      210.38,
      215.55,
      231.25000000000003,
      197.42000000000002,
      211.57,
      228.25,
      231.95000000000002,
      237.29000000000002,
      230.76999999999998,
      221.49,
      246.64999999999998,
      238.96,
      243.29,
      224.64000000000001,
      233.71,
      225.35,
      251.70000000000002,
      229.07,
      227.97,
      241.85,
      250.63000000000002,
      251.46,
      266.32000000000005,
      274.66999999999996,
      241.2,
      245.37,
      225.11,
      259.76,
      191.57,
      168.39999999999998,
      null,
      null,
      null
    ],
    "electricity_mu": [
      225.8,
      226.0,
      222.9,
      224.6,
      211.0,
      210.1,
      211.6,
      192.2,
      196.2,
      193.4,
      192.3,
      226.7,
      237.3,
      249.9,
      232.9,
      239.2,
      226.5,
      219.9,
      214.4,
      194.7,
      205.3,
      218.9,
      206.7,
      251.1,
      259.6,
      271.0,
      256.1,
      253.8,
      242.4,
      225.5,
      226.7,
      212.6,
      206.8,
      211.5,
      216.7,
      214.6,
      149.7,
      226.1,
      232.6,
      228.7,
      235.6,
      225.4,
      232.0,
      203.1,
      206.5,
      214.9,
      205.8,
      252.0,
      269.2,
      249.1,
      242.4,
      259.0,
      256.3,
      253.8,
      248.2,
      202.6,
      217.9,
      221.2,
      214.1,
      260.7,
      275.5,
      280.3,
      289.6,
      292.3,
      283.7,
      273.0,
      263.9,
      257.6,
      252.8,
      249.6,
      241.29999999999998,
      284.0,
      294.3,
      315.87,
      311.35,
      304.08,
      310.83,
      293.88,
      306.87,
      256.06,
      262.84999999999997,
      256.01,
      269.3,
      301.85,
      320.45,
      333.2,
      310.48,
      317.66,
      316.62,
      314.7,
      299.93,
      272.79,
      261.06,
      258.11,
      253.28,
      307.88,
      320.23,
      317.1,
      319.69,
      333.55,
      304.14,
      295.92,
      286.43,
      264.51,
      265.33,
      259.03000000000003,
      88.03999999999999
    ],