{
  "state": "Punjab",
  "slug": "punjab",
  "region": "Northern",
  "annual": {
    "fiscal_years": [
      "2017-18",
      "2018-19",
      "2019-20",
      "2020-21",
      "2021-22",
      "2022-23",
      "2023-24",
      "2024-25",
      "2025-26"
    ],
    "composite_score": [
      -0.3197894735327775,
      -0.156110733648994,
      -0.17848027722053975,
      -0.015673383329188578,
      -0.10276006720573636,
      -0.12566376857001088,
      -0.10941444733565583,
      -0.12680983085784445,
      null
    ],
    "rank": [
      16.0,
      14.0,
      15.0,
      13.0,
      14.0,
      14.0,
      14.0,
      14.0,
      null
    ],
    "rank_change": [
      null,
      2.0,
      -1.0,
      2.0,
      -1.0,
      0.0,
      0.0,
      0.0,
      null
    ],
    "gst_total": [
      9642.5876706,
      12718.6478265,
      15234.9881766,
      13913.0803412,
      18405.8232502,
      20949.2,
      24061.07,
      26721.47,
      18917.96
    ],
    "electricity_mu": [
      53399.7,
      56140.2,
      56237.9,
      58509.3,
      62605.1,
      69914.0,
      70629.81,
      78449.88,
      68543.65
    ],
    "bank_credit_yoy": [
      -7373.0,
      15270.0,
      7846.0,
      19475.0,
      24799.0,
      26492.0,
      61357.0,
      34139.0,
      null
    ],
    "epfo_payroll": [
      4084.0,
      72357.0,
      99277.0,
      107224.0,
      148061.0,
      145827.0,
      139592.0,
      100977.0,
      null
    ],
    "gst_zscore": [
      -0.26911849021732276,
      -0.31831990480417943,
      -0.2948120404443831,
      -0.3018141146260262,
      -0.2770425678897995,
      -0.29470146716601586,
      -0.289250885287807,
      -0.2810995124032409,
      -0.2729477240530317
    ],
    "electricity_zscore": [
      0.43114166131841986,
      0.41929427403604824,
      0.4178103831622496,
      0.48892420090979977,
      0.4686178029592677,
      0.5068400592187357,
      0.4254650949974181,
      0.5023932554861841,
      0.5140301957390544
    ],
    "credit_zscore": [
      -0.919473552481937,
      -0.3423789553898682,
      -0.44121518481628835,
      0.15923898813651166,
      -0.19694988429337315,
      -0.26791734606791107,
      -0.1253392469327773,
      -0.2279022419841278,
      null
    ],
    "epfo_zscore": [
      -0.52170751275027,
      -0.38303834843797663,
      -0.39570426678373716,
      -0.40904260773703954,
      -0.40566561959904046,
      -0.4468763202648522,
      -0.4485327521194571,
      -0.5006308245301931,
      null
    ],
    "n_components": [
      4,
      4,
      4,
      4,
      4,
      4,
      4,
      4,
      2
    ]
  },
  "monthly": {
    "months": [
      "2017-04",
      "2017-05",
      "2017-06",
      "2017-07",
      "2017-08",
      "2017-09",
      "2017-10",
      "2017-11",
      "2017-12",
      "2018-01",
      "2018-02",
      "2018-03",
      "2018-04",
      "2018-05",
      "2018-06",
      "2018-07",
      "2018-08",
      "2018-09",
      "2018-10",
      "2018-11",
      "2018-12",
      "2019-01",
      "2019-02",
      "2019-03",
      "2019-04",
      "2019-05",
      "2019-06",
      "2019-07",
      "2019-08",
      "2019-09",
      "2019-10",
      "2019-11",
      "2019-12",
      "2020-01",
      "2020-02",
      "2020-03",
      "2020-04",
      "2020-05",
      "2020-06",
      "2020-07",
      "2020-08",
      "2020-09",
      "2020-10",
      "2020-11",
      "2020-12",
      "2021-01",
      "2021-02",
      "2021-03",
      "2021-04",
      "2021-05",
      "2021-06",
      "2021-07",
      "2021-08",
      "2021-09",
      "2021-10",
      "2021-11",
      "2021-12",
      "2022-01",
      "2022-02",
      "2022-03",
      "2022-04",
      "2022-05",
      "2022-06",
      "2022-07",
      "2022-08",
      "2022-09",
      "2022-10",
      "2022-11",
      "2022-12",
      "2023-01",
      "2023-02",
      "2023-03",
      "2023-04",
      "2023-05",
      "2023-06",
      "2023-07",
      "2023-08",
      "2023-09",
      "2023-10",
      "2023-11",
      "2023-12",
      "2024-01",
      "2024-02",
      "2024-03",
      "2024-04",
      "2024-05",
      "2024-06",
      "2024-07",
      "2024-08",
      "2024-09",
      "2024-10",
      "2024-11",
      "2024-12",
      "2025-01",
      "2025-02",
      "2025-03",
      "2025-04",
      "2025-05",
      "2025-06",
      "2025-07",
      "2025-08",
      "2025-09",
      "2025-10",
      "2025-11",
      "2025-12",
      "2026-01",
      "2026-02"
    ],
    "gst_total": [
      null,
      null,
      null,
      2.7232524,
      1521.8359221,
      1289.0395382,
      1277.0109958,
      1204.9383486,
      1077.4687413,
      1087.5166241,
      1061.0757478,
      1120.9785003,
      null,
      1139.3171562,
      1200.2394374,
      1171.4309129,
      1096.7768938,
      1117.0805016,
      1129.4637312,
      1219.757389,
      1162.4652287,
      1216.0323767,
      1100.061364,
      1166.022835,
      1374.2854796,
      1347.8487592,
      1248.0198481,
      1271.3896884,
      1255.3546454,
      1133.3642312,
      1189.3463138,
      1375.0881489,
      1290.2302935,
      1340.3135977,
      1228.9334687,
      1180.8137021,
      273.5598516,
      656.9415284,
      1323.3930916,
      1187.7551066,
      1138.5044103,
      1194.4925368,
      1376.2285923,
      1396.2807015,
      1352.7513872,
      1351.9535937,
      1299.3711982,
      1361.848343,
      1924.1036229000001,
      1265.7764278999998,
      1111.1352649,
      1533.0259599,
      1414.1347621,
      1402.1635279,
      1595.4474777,
      1845.2162068999999,
      1572.52,
      1690.2800000000002,
      1480.15,
      1571.8700000000001,
      1993.9899999999998,
      1832.8899999999999,
      1682.4999999999998,
      1733.46,
      1651.4899999999998,
      1710.09,
      1759.81,
      1669.23,
      1734.2400000000002,
      1795.6899999999998,
      1650.97,
      1734.84,
      2316.25,
      1744.48,
      1965.93,
      2000.4100000000003,
      1812.76,
      1865.56,
      1981.27,
      2264.95,
      1874.92,
      2189.09,
      1955.13,
      2090.3199999999997,
      2795.8,
      2189.56,
      2306.18,
      2069.08,
      1936.26,
      1933.24,
      2211.2700000000004,
      2327.18,
      2293.61,
      2362.65,
      2124.9,
      2171.74,
      3103.8100000000004,
      2413.57,
      2231.5699999999997,
      2322.5499999999997,
      2199.38,
      2193.98,
      2310.77,
      2142.33,
      null,
      null,
      null
    ],