{
  "state": "Rajasthan",
  "slug": "rajasthan",
  "region": "Northern",
  "annual": {
    "fiscal_years": [
      "2017-18",
      "2018-19",
      "2019-20",
      "2020-21",
      "2021-22",
      "2022-23",
      "2023-24",
      "2024-25",
      "2025-26"
    ],
    "composite_score": [
      0.4307844329432254,
      0.4629133780581946,
      0.3886347513344255,
      0.6020690154805847,
      0.432064881960188,
      0.3626595008685493,
      0.37338821028455266,
      0.40874444862479087,
      null
    ],
    "rank": [
      9.0,
      9.0,
      10.0,
      9.0,
      9.0,
      9.0,
      9.0,
      9.0,
      null
    ],
    "rank_change": [
      null,
      0.0,
      -1.0,
      1.0,
      0.0,
      0.0,
      0.0,
      0.0,
      null
    ],
    "gst_total": [
      18463.3543624,
      28112.6350157,
      32821.367951399996,
      31796.896734,
      38479.9207119,
      45458.38,
      50174.1,
      54784.67,
      37104.2
    ],
    "electricity_mu": [
      71707.1,
      79662.6,
      80625.1,
      85100.7,
      89176.2,
      99898.8,
      106860.63,
      113568.92,
      96519.64
    ],
    "bank_credit_yoy": [
      42949.0,
      69512.0,
      27185.0,
      36206.0,
      54099.0,
      72288.0,
      100900.0,
      82496.0,
      null
    ],
    "epfo_payroll": [
      61470.0,
      177332.0,
      244463.0,
      283760.0,
      409217.0,
      446274.0,
      460247.0,
      430945.0,
      null
    ],
    "gst_zscore": [
      0.14423253698018337,
      0.17713570810466547,
      0.18129199512040062,
      0.23527877076599635,
      0.18724405461880353,
      0.16449344407876165,
      0.12784551645438919,
      0.12002785353798967,
      0.09669707987136296
    ],
    "electricity_zscore": [
      0.883289403587222,
      0.9688848526411513,
      0.989486078486784,
      1.1182336362900172,
      1.0441393178872689,
      1.1085693651326165,
      1.1039308652057334,
      1.1316409624031538,
      1.0949526392636821
    ],
    "credit_zscore": [
      0.5437164927479183,
      0.749779928516325,
      0.38676814655208896,
      0.9235602876989676,
      0.4503219251864756,
      0.15669979440893156,
      0.1801584468251888,
      0.3415984749008707,
      null
    ],
    "epfo_zscore": [
      0.15189929845757774,
      -0.04414697702936345,
      -0.0030072148215715376,
      0.13120336716735773,
      0.046554230148204,
      0.02087539985388736,
      0.08161801265289904,
      0.04171050365714928,
      null
    ],
    "n_components": [
      4,
      4,
      4,
      4,
      4,
      4,
      4,
      4,
      2
    ],
    "perf_score": [
      -0.32680309144983266,
      -0.32630919474131836,
      -0.3716625055247889,
      -0.25526553577615196,
      -0.2903149026477413,
      -0.3198871509574567,
      -0.37147879474553663,
      -0.35070424499017294,
      null
    ],
    "perf_rank": [
      19.0,
      20.0,
      21.0,
      20.0,
      21.0,
      20.0,
      20.0,
      21.0,
      null
    ],
    "gst_pc_zscore": [
      -0.5946536477782546,
      -0.6136322581646504,
      -0.600585237491002,
      -0.5554451457193492,
      -0.5674251160125711,
      -0.5856385307456544,
      -0.616580885589199,
      -0.6070185099877591,
      null
    ],
    "electricity_pc_zscore": [
      -0.1910113569912292,
      -0.17286481800460232,
      -0.1765253080339871,
      0.16160936480886778,
      0.07747536452918387,
      -0.13546927214333052,
      -0.13744310696489098,
      -0.1335187207751733,
      null
    ],
    "credit_pc_zscore": [
      -0.21923737623489134,
      -0.16370910320169932,
      -0.3043815562898477,
      -0.2867861381026403,
      -0.33068648810808754,
      -0.19728075543031443,
      -0.3836976971668742,
      -0.30871168697942764,
      null
    ],
    "epfo_pc_zscore": [
      -0.3023099847949556,
      -0.3550305995943215,
      -0.40515792028431874,
      -0.34044022409148605,
      -0.3406233709994903,
      -0.3611600455105274,
      -0.34819348926118243,
      -0.353568062218332,
      null
    ],
    "population": [
      77264000.0,
      78346000.0,
      79428000.0,
      80510000.0,
      81592000.0,
      82674000.0,
      83756000.0,
      84838000.0,
      null
    ]
  },
  "monthly": {
    "months": [
      "2017-04",
      "2017-05",
      "2017-06",
      "2017-07",
      "2017-08",
      "2017-09",
      "2017-10",
      "2017-11",
      "2017-12",
      "2018-01",
      "2018-02",
      "2018-03",
      "2018-04",
      "2018-05",
      "2018-06",
      "2018-07",
      "2018-08",
      "2018-09",
      "2018-10",
      "2018-11",
      "2018-12",
      "2019-01",
      "2019-02",
      "2019-03",
      "2019-04",
      "2019-05",
      "2019-06",
      "2019-07",
      "2019-08",
      "2019-09",
      "2019-10",
      "2019-11",
      "2019-12",
      "2020-01",
      "2020-02",
      "2020-03",
      "2020-04",
      "2020-05",
      "2020-06",
      "2020-07",
      "2020-08",
      "2020-09",
      "2020-10",
      "2020-11",
      "2020-12",
      "2021-01",
      "2021-02",
      "2021-03",
      "2021-04",
      "2021-05",
      "2021-06",
      "2021-07",
      "2021-08",
      "2021-09",
      "2021-10",
      "2021-11",
      "2021-12",
      "2022-01",
      "2022-02",
      "2022-03",
      "2022-04",
      "2022-05",
      "2022-06",
      "2022-07",
      "2022-08",
      "2022-09",
      "2022-10",
      "2022-11",
      "2022-12",
      "2023-01",
      "2023-02",
      "2023-03",
      "2023-04",
      "2023-05",
      "2023-06",
      "2023-07",
      "2023-08",
      "2023-09",
      "2023-10",
      "2023-11",
      "2023-12",
      "2024-01",
      "2024-02",
      "2024-03",
      "2024-04",
      "2024-05",
      "2024-06",
      "2024-07",
      "2024-08",
      "2024-09",
      "2024-10",
      "2024-11",
      "2024-12",
      "2025-01",
      "2025-02",
      "2025-03",
      "2025-04",
      "2025-05",
      "2025-06",
      "2025-07",
      "2025-08",
      "2025-09",
      "2025-10",
      "2025-11",
      "2025-12",
      "2026-01",
      "2026-02"
    ],