{
  "state": "Sikkim",
  "slug": "sikkim",
  "region": "North-Eastern",
  "annual": {
    "fiscal_years": [
      "2017-18",
      "2018-19",
      "2019-20",
      "2020-21",
      "2021-22",
      "2022-23",
      "2023-24",
      "2024-25",
      "2025-26"
    ],
    "composite_score": [
      -0.745325329693657,
      -0.7297639182565612,
      -0.7667998480355626,
      -0.7458081718488274,
      -0.7429721645153456,
      -0.6732306377893135,
      -0.6985295629435994,
      -0.7073121423921092,
      null
    ],
    "rank": [
      34.0,
      34.0,
      33.0,
      31.0,
      33.0,
      29.0,
      31.0,
      33.0,
      null
    ],
    "rank_change": [
      null,
      0.0,
      1.0,
      2.0,
      -2.0,
      4.0,
      -2.0,
      -2.0,
      null
    ],
    "gst_total": [
      1185.9420344,
      1766.8689596,
      2248.4134978,
      2266.3372134,
      2811.28836,
      3155.74,
      3707.17,
      4063.1,
      2951.27
    ],
    "electricity_mu": [
      467.7,
      457.09999999999997,
      468.9,
      487.2,
      530.6,
      577.7,
      528.98,
      542.36,
      437.62
    ],
    "bank_credit_yoy": [
      367.0,
      649.0,
      295.0,
      631.0,
      1335.0,
      703.0,
      698.0,
      553.0,
      null
    ],
    "epfo_payroll": [
      null,
      null,
      null,
      null,
      null,
      null,
      null,
      null,
      null
    ],
    "gst_zscore": [
      -0.6654063960768144,
      -0.670803003838385,
      -0.64638869760266,
      -0.6515930843121732,
      -0.6377229893920656,
      -0.6280731379211167,
      -0.6143582531964905,
      -0.6049717819456238,
      -0.5974790177328464
    ],
    "electricity_zscore": [
      -0.8761485215460078,
      -0.8817169810878253,
      -0.8895058258553481,
      -0.8842210637462364,
      -0.8758959837638343,
      -0.8845877199772773,
      -0.887257432899885,
      -0.893519853516453,
      -0.9001939788607216
    ],
    "credit_zscore": [
      -0.6944210714581486,
      -0.6367717698434734,
      -0.7645050206486798,
      -0.7016103674880726,
      -0.7152975203901367,
      -0.5070310554695464,
      -0.5939730027344228,
      -0.6234447917142508,
      null
    ],
    "epfo_zscore": [
      null,
      null,
      null,
      null,
      null,
      null,
      null,
      null,
      null
    ],
    "n_components": [
      3,
      3,
      3,
      3,
      3,
      3,
      3,
      3,
      2
    ]
  },
  "monthly": {
    "months": [
      "2017-04",
      "2017-05",
      "2017-06",
      "2017-07",
      "2017-08",
      "2017-09",
      "2017-10",
      "2017-11",
      "2017-12",
      "2018-01",
      "2018-02",
      "2018-03",
      "2018-04",
      "2018-05",
      "2018-06",
      "2018-07",
      "2018-08",
      "2018-09",
      "2018-10",
      "2018-11",
      "2018-12",
      "2019-01",
      "2019-02",
      "2019-03",
      "2019-04",
      "2019-05",
      "2019-06",
      "2019-07",
      "2019-08",
      "2019-09",
      "2019-10",
      "2019-11",
      "2019-12",
      "2020-01",
      "2020-02",
      "2020-03",
      "2020-04",
      "2020-05",
      "2020-06",
      "2020-07",
      "2020-08",
      "2020-09",
      "2020-10",
      "2020-11",
      "2020-12",
      "2021-01",
      "2021-02",
      "2021-03",
      "2021-04",
      "2021-05",
      "2021-06",
      "2021-07",
      "2021-08",
      "2021-09",
      "2021-10",
      "2021-11",
      "2021-12",
      "2022-01",
      "2022-02",
      "2022-03",
      "2022-04",
      "2022-05",
      "2022-06",
      "2022-07",
      "2022-08",
      "2022-09",
      "2022-10",
      "2022-11",
      "2022-12",
      "2023-01",
      "2023-02",
      "2023-03",
      "2023-04",
      "2023-05",
      "2023-06",
      "2023-07",
      "2023-08",
      "2023-09",
      "2023-10",
      "2023-11",
      "2023-12",
      "2024-01",
      "2024-02",
      "2024-03",
      "2024-04",
      "2024-05",
      "2024-06",
      "2024-07",
      "2024-08",
      "2024-09",
      "2024-10",
      "2024-11",
      "2024-12",
      "2025-01",
      "2025-02",
      "2025-03",
      "2025-04",
      "2025-05",
      "2025-06",
      "2025-07",
      "2025-08",
      "2025-09",
      "2025-10",
      "2025-11",
      "2025-12",
      "2026-01",
      "2026-02"
    ],
    "gst_total": [
      null,
      null,
      null,
      0.0368017,
      160.0430504,
      156.2801106,
      140.3149269,
      145.947018,
      163.747046,
      151.7097856,
      122.7452729,
      145.1180223,
      null,
      167.2993712,
      170.9806641,
      181.2624977,
      163.1321581,
      165.0905134,
      140.953702,
      148.4357867,
      149.7229395,
      175.5141114,
      144.8900769,
      159.5871386,
      165.590076,
      193.0801826,
      193.2982371,
      200.6918485,
      163.4155853,
      208.9931071,
      186.1264394,
      157.1739852,
      213.9041281,
      194.1595418,
      182.6548601,
      189.3255066,
      81.031248,
      94.4969809,
      345.538842,
      186.431337,
      147.2040932,
      106.3788062,
      176.8757107,
      223.3755653,
      225.1332409,
      243.8663677,
      222.3463167,
      213.6587048,
      257.8527262,
      249.8013001,
      211.7254107,
      197.33486,
      219.08247599999999,
      260.0423205,
      257.34119569999996,
      207.3180708,
      248.95000000000002,
      249.60999999999999,
      222.27000000000004,
      229.96,
      263.82000000000005,
      278.64000000000004,
      256.36999999999995,
      248.88,
      246.89999999999998,
      284.74,
      265.2,
      209.42,
      290.31,
      284.0,
      265.04,
      262.42,
      425.99,
      334.42,
      287.51000000000005,
      313.97,
      319.49,
      314.71999999999997,
      326.1,
      233.57,
      253.67000000000002,
      295.18,
      299.18,
      303.37,
      403.48,
      311.83,
      317.59000000000003,
      325.00000000000006,
      325.75,
      323.72999999999996,
      332.86,
      355.50999999999993,
      329.49,
      356.76,
      331.69,
      349.41,
      470.24,
      424.16,
      363.9,
      400.92,
      454.25,
      396.21,
      307.71,
      133.88,
      null,
      null,
      null
    ],
    "electricity_mu": [
      34.9,
      33.0,
      31.400000000000002,
      36.5,
      34.5,
      34.4,
      36.7,
      42.0,
      47.6,
      49.9,
      44.5,
      42.3,
      41.3,
      35.7,
      35.5,
      37.8,
      33.8,
      30.700000000000003,
      35.9,
      39.8,
      45.4,
      43.3,
      37.9,
      40.0,
      35.8,
      34.9,
      34.2,
      31.4,
      25.6,
      29.7,
      25.8,
      41.1,
      55.5,
      61.1,
      51.7,
      42.1,
      36.7,
      37.0,
      37.8,
      35.4,
      28.7,
      32.3,
      36.5,
      43.1,
      62.2,
      58.6,
      42.1,
      36.8,
      26.900000000000002,
      34.7,
      38.4,
      46.5,
      41.6,
      42.5,
      42.8,
      46.7,
      54.0,
      54.2,
      51.5,
      50.8,
      47.0,
      45.6,
      43.6,
      45.0,
      45.3,
      47.1,
      41.7,
      49.3,
      55.9,
      59.2,
      52.5,
      45.5,
      42.4,
      45.35,
      42.339999999999996,
      37.17,
      35.0,
      37.43,
      31.0,
      38.980000000000004,
      52.13,
      58.879999999999995,
      56.269999999999996,
      52.03,
      46.64,
      44.31,
      39.89,
      39.0,
      36.54,
      37.93,
      37.48,
      43.91,
      54.26,
      58.21,
      54.449999999999996,
      49.74,
      46.03,
      39.72,
      39.94,
      39.11,
      36.51,
      33.66,
      33.22,
      40.42,
      53.47,
      57.16,
      18.38
    ],