{
  "state": "Tamil Nadu",
  "slug": "tamil-nadu",
  "region": "Southern",
  "annual": {
    "fiscal_years": [
      "2017-18",
      "2018-19",
      "2019-20",
      "2020-21",
      "2021-22",
      "2022-23",
      "2023-24",
      "2024-25",
      "2025-26"
    ],
    "composite_score": [
      1.5215445103576135,
      1.2361186698436684,
      1.9031025594807847,
      1.6083757471001803,
      1.523262033364173,
      1.3126634716445367,
      1.3886885312425852,
      1.377897190517557,
      null
    ],
    "rank": [
      2.0,
      5.0,
      2.0,
      2.0,
      3.0,
      2.0,
      2.0,
      2.0,
      null
    ],
    "rank_change": [
      null,
      -3.0,
      3.0,
      0.0,
      -1.0,
      1.0,
      0.0,
      0.0,
      null
    ],
    "gst_total": [
      45318.1867909,
      63895.9607419,
      74430.0428435,
      69121.0326976,
      85492.4064565,
      104377.23999999999,
      121329.11,
      131115.43,
      92485.62
    ],
    "electricity_mu": [
      106502.2,
      111056.9,
      110590.2,
      102480.4,
      111776.09999999999,
      116225.5,
      126625.70999999999,
      129499.45,
      113176.72
    ],
    "bank_credit_yoy": [
      106217.0,
      77430.0,
      90635.0,
      65287.0,
      111654.0,
      166727.0,
      257518.0,
      179895.0,
      null
    ],
    "epfo_payroll": [
      96026.0,
      502020.0,
      803634.0,
      664278.0,
      1284986.0,
      1405171.0,
      1273482.0,
      1254163.0,
      null
    ],
    "gst_zscore": [
      1.4026801251990897,
      1.328822360931652,
      1.30773520198315,
      1.3562099768996485,
      1.2745790276475593,
      1.2683753645813438,
      1.264385344920484,
      1.2110779368888636,
      1.22235329781166
    ],
    "electricity_zscore": [
      1.7426427747386244,
      1.7023989286666494,
      1.6919168363421015,
      1.529539892977426,
      1.5336459128427409,
      1.4362104986023794,
      1.4740558092569298,
      1.4170772804936254,
      1.4408375075234008
    ],
    "credit_zscore": [
      2.383331527555806,
      0.909208305839603,
      3.1033275537253417,
      2.252065918717782,
      1.7217802526476595,
      1.0323312497651316,
      1.3901434707481368,
      1.4886671583155153,
      null
    ],
    "epfo_zscore": [
      0.5575236139369348,
      1.0040450839367694,
      1.5094306458725457,
      1.2956871998058646,
      1.5630429403187325,
      1.5137367736292922,
      1.4261695000447907,
      1.3947663863722235,
      null
    ],
    "n_components": [
      4,
      4,
      4,
      4,
      4,
      4,
      4,
      4,
      2
    ]
  },
  "monthly": {
    "months": [
      "2017-04",
      "2017-05",
      "2017-06",
      "2017-07",
      "2017-08",
      "2017-09",
      "2017-10",
      "2017-11",
      "2017-12",
      "2018-01",
      "2018-02",
      "2018-03",
      "2018-04",
      "2018-05",
      "2018-06",
      "2018-07",
      "2018-08",
      "2018-09",
      "2018-10",
      "2018-11",
      "2018-12",
      "2019-01",
      "2019-02",
      "2019-03",
      "2019-04",
      "2019-05",
      "2019-06",
      "2019-07",
      "2019-08",
      "2019-09",
      "2019-10",
      "2019-11",
      "2019-12",
      "2020-01",
      "2020-02",
      "2020-03",
      "2020-04",
      "2020-05",
      "2020-06",
      "2020-07",
      "2020-08",
      "2020-09",
      "2020-10",
      "2020-11",
      "2020-12",
      "2021-01",
      "2021-02",
      "2021-03",
      "2021-04",
      "2021-05",
      "2021-06",
      "2021-07",
      "2021-08",
      "2021-09",
      "2021-10",
      "2021-11",
      "2021-12",
      "2022-01",
      "2022-02",
      "2022-03",
      "2022-04",
      "2022-05",
      "2022-06",
      "2022-07",
      "2022-08",
      "2022-09",
      "2022-10",
      "2022-11",
      "2022-12",
      "2023-01",
      "2023-02",
      "2023-03",
      "2023-04",
      "2023-05",
      "2023-06",
      "2023-07",
      "2023-08",
      "2023-09",
      "2023-10",
      "2023-11",
      "2023-12",
      "2024-01",
      "2024-02",
      "2024-03",
      "2024-04",
      "2024-05",
      "2024-06",
      "2024-07",
      "2024-08",
      "2024-09",
      "2024-10",
      "2024-11",
      "2024-12",
      "2025-01",
      "2025-02",
      "2025-03",
      "2025-04",
      "2025-05",
      "2025-06",
      "2025-07",
      "2025-08",
      "2025-09",
      "2025-10",
      "2025-11",
      "2025-12",
      "2026-01",
      "2026-02"
    ],
    "gst_total": [
      null,
      null,
      null,
      5.7139661,
      6626.0841885,
      6184.5840088,
      6092.9474204,
      5235.7149299,
      5014.4607491,
      5315.9327184,
      5363.1244194,
      5479.6243903,
      null,
      5488.5903539,
      5186.9843873,
      5615.8039283,
      5435.5942263,
      5733.3947021,
      6090.5655386,
      5813.3312877,
      5415.0706758,
      6201.3071821,
      5974.2229723,
      6941.0954875,
      6771.1354776,
      5817.9567543,
      5880.9486112,
      6084.1520073,
      5973.3374249,
      5615.6049028,
      6108.6378572,
      6449.2767868,
      6421.8105092,
      6702.8674574,
      6426.4961375,
      6177.8189173,
      1420.0572737,
      3522.7687405,
      4975.5058204,
      4634.7584477,
      5243.4650773,
      6454.0166334,
      6900.8634011,
      7084.0692704,
      6904.9103983,
      7393.2277916,
      7008.2136448,
      7579.1761984,
      8849.362933699998,
      5591.724495,
      4379.623332900001,
      6302.121606000001,
      7059.932843199998,
      7841.6312414,
      7642.3764616,
      7794.9635427,
      6635.33,
      7979.61,
      7393.200000000001,
      8022.530000000001,
      9724.15,
      7909.849999999999,
      8027.25,
      8449.31,
      8386.3,
      8636.71,
      9539.7,
      8551.44,
      8324.25,
      8809.199999999999,
      8773.92,
      9245.16,
      11558.820000000002,
      8952.769999999999,
      9600.64,
      10021.859999999999,
      9474.73,
      10481.46,
      10760.869999999999,
      10254.73,
      9887.56,
      9606.330000000002,
      9712.500000000002,
      11016.839999999998,
      12209.96,
      9767.85,
      10217.92,
      10489.81,
      10180.75,
      11023.57,
      11187.789999999999,
      11095.81,
      10956.0,
      11496.289999999999,
      10694.480000000001,
      11795.199999999999,
      13830.980000000001,
      12229.91,
      10675.529999999999,
      11295.54,
      11057.440000000002,
      11412.539999999999,
      11588.050000000001,
      10395.63,
      null,
      null,
      null
    ],