{
  "state": "Telangana",
  "slug": "telangana",
  "region": "Southern",
  "annual": {
    "fiscal_years": [
      "2017-18",
      "2018-19",
      "2019-20",
      "2020-21",
      "2021-22",
      "2022-23",
      "2023-24",
      "2024-25",
      "2025-26"
    ],
    "composite_score": [
      0.5358987271736001,
      0.6135601616735785,
      0.5496865074933955,
      0.8029430155544306,
      0.5539721815526573,
      0.5308306709060242,
      0.591312498519524,
      0.5721013027435633,
      null
    ],
    "rank": [
      7.0,
      7.0,
      8.0,
      6.0,
      7.0,
      7.0,
      7.0,
      7.0,
      null
    ],
    "rank_change": [
      null,
      0.0,
      -1.0,
      2.0,
      -1.0,
      0.0,
      0.0,
      0.0,
      null
    ],
    "gst_total": [
      21345.813722400002,
      33029.8465058,
      39819.6459095,
      36345.7938097,
      45081.11624,
      51830.77,
      59942.31,
      62986.630000000005,
      43544.59
    ],
    "electricity_mu": [
      60736.6,
      67042.2,
      69014.0,
      67353.9,
      71406.6,
      76021.6,
      85750.93,
      89423.33,
      73024.17
    ],
    "bank_credit_yoy": [
      53290.0,
      69869.0,
      31893.0,
      51066.0,
      59380.0,
      115481.0,
      164557.0,
      104791.0,
      null
    ],
    "epfo_payroll": [
      83249.0,
      404079.0,
      438697.0,
      417091.0,
      757548.0,
      852205.0,
      834751.0,
      860639.0,
      null
    ],
    "gst_zscore": [
      0.27930781772858854,
      0.3353962031074886,
      0.37075158944975034,
      0.3718928022499399,
      0.3399207456684491,
      0.2838841809564176,
      0.2838705063717652,
      0.23726432729562735,
      0.2276013623809214
    ],
    "electricity_zscore": [
      0.6123450419323778,
      0.6740147314703591,
      0.7173029797307685,
      0.6982396274072338,
      0.6592554737233237,
      0.6294062230350567,
      0.7086262911064865,
      0.6990107669405979,
      0.6070683554846422
    ],
    "credit_zscore": [
      0.8443970749529567,
      0.7569680985977105,
      0.5883372827060949,
      1.6024088031193309,
      0.5669854892091064,
      0.557182110519864,
      0.6719538769025943,
      0.6041668410722842,
      null
    ],
    "epfo_zscore": [
      0.40754497408047735,
      0.6878616135187557,
      0.5223541780869684,
      0.539230829441218,
      0.6497270176097496,
      0.6528501691127585,
      0.7007993196972503,
      0.7479632756657437,
      null
    ],
    "n_components": [
      4,
      4,
      4,
      4,
      4,
      4,
      4,
      4,
      2
    ]
  },
  "monthly": {
    "months": [
      "2017-04",
      "2017-05",
      "2017-06",
      "2017-07",
      "2017-08",
      "2017-09",
      "2017-10",
      "2017-11",
      "2017-12",
      "2018-01",
      "2018-02",
      "2018-03",
      "2018-04",
      "2018-05",
      "2018-06",
      "2018-07",
      "2018-08",
      "2018-09",
      "2018-10",
      "2018-11",
      "2018-12",
      "2019-01",
      "2019-02",
      "2019-03",
      "2019-04",
      "2019-05",
      "2019-06",
      "2019-07",
      "2019-08",
      "2019-09",
      "2019-10",
      "2019-11",
      "2019-12",
      "2020-01",
      "2020-02",
      "2020-03",
      "2020-04",
      "2020-05",
      "2020-06",
      "2020-07",
      "2020-08",
      "2020-09",
      "2020-10",
      "2020-11",
      "2020-12",
      "2021-01",
      "2021-02",
      "2021-03",
      "2021-04",
      "2021-05",
      "2021-06",
      "2021-07",
      "2021-08",
      "2021-09",
      "2021-10",
      "2021-11",
      "2021-12",
      "2022-01",
      "2022-02",
      "2022-03",
      "2022-04",
      "2022-05",
      "2022-06",
      "2022-07",
      "2022-08",
      "2022-09",
      "2022-10",
      "2022-11",
      "2022-12",
      "2023-01",
      "2023-02",
      "2023-03",
      "2023-04",
      "2023-05",
      "2023-06",
      "2023-07",
      "2023-08",
      "2023-09",
      "2023-10",
      "2023-11",
      "2023-12",
      "2024-01",
      "2024-02",
      "2024-03",
      "2024-04",
      "2024-05",
      "2024-06",
      "2024-07",
      "2024-08",
      "2024-09",
      "2024-10",
      "2024-11",
      "2024-12",
      "2025-01",
      "2025-02",
      "2025-03",
      "2025-04",
      "2025-05",
      "2025-06",
      "2025-07",
      "2025-08",
      "2025-09",
      "2025-10",
      "2025-11",
      "2025-12",
      "2026-01",
      "2026-02"
    ],
    "gst_total": [
      null,
      null,
      null,
      2.6229098,
      2758.7153149,
      2716.792749,
      2758.7548665,
      2443.3909209,
      2489.7347312,
      2736.7229332,
      2639.7166409,
      2799.362656,
      null,
      2619.0497129,
      2701.4823083,
      2802.5377345,
      2659.7467077,
      2721.7864307,
      2892.9149379,
      3066.5319539,
      3014.2915067,
      3194.9537933,
      3459.9277801,
      3896.6236398,
      3509.9208899,
      3051.3053432,
      3165.6086761,
      3163.0983981,
      3058.6475216,
      2854.0862794,
      3230.4306142,
      3349.401839,
      3420.4685198,
      3786.9756731,
      3667.139879,
      3562.5622761,
      928.1420326,
      1888.4296401,
      3276.168484,
      2876.0077309,
      2792.8956619,
      2796.4860158,
      3383.4417297,
      3174.5159799,
      3543.3627097,
      3883.4813752,
      3636.4394842,
      4166.4229657,
      4262.1544749,
      2984.3533586000003,
      2845.180807,
      3609.5615482000003,
      3525.5287534,
      3493.5670251,
      3854.1204259000006,
      3931.1398469,
      3760.21,
      4459.9800000000005,
      4113.179999999999,
      4242.14,
      4955.36,
      3981.67,
      3901.46,
      4547.46,
      3871.0199999999995,
      3914.75,
      4284.030000000001,
      4228.039999999999,
      4177.9,
      4741.01,
      4423.93,
      4804.139999999999,
      5622.38,
      4506.6,
      4681.39,
      4849.04,
      4392.740000000001,
      5225.76,
      4867.64,
      4985.9,
      4752.889999999999,
      5448.219999999999,
      5210.53,
      5399.22,
      6235.89,
      4986.160000000001,
      4716.2300000000005,
      4939.740000000001,
      4568.589999999999,
      5266.7,
      5210.66,
      5141.18,
      5223.63,
      6016.780000000001,
      5280.040000000001,
      5401.030000000001,
      6983.04,
      5310.13,
      5111.16,
      5417.16,
      5103.02,
      4997.6,
      5725.84,
      4896.639999999999,
      null,
      null,
      null
    ],