{
  "state": "Tripura",
  "slug": "tripura",
  "region": "North-Eastern",
  "annual": {
    "fiscal_years": [
      "2017-18",
      "2018-19",
      "2019-20",
      "2020-21",
      "2021-22",
      "2022-23",
      "2023-24",
      "2024-25",
      "2025-26"
    ],
    "composite_score": [
      -0.6907806584133052,
      -0.7000265158072427,
      -0.7374374547547746,
      -0.7458177232599141,
      -0.7264508943277754,
      -0.6770600328334591,
      -0.6927353382013661,
      -0.696671733417908,
      null
    ],
    "rank": [
      27.0,
      28.0,
      27.0,
      32.0,
      27.0,
      30.0,
      29.0,
      29.0,
      null
    ],
    "rank_change": [
      null,
      -1.0,
      1.0,
      -5.0,
      5.0,
      -3.0,
      1.0,
      0.0,
      null
    ],
    "gst_total": [
      305.3781125,
      510.49857099999997,
      679.5043457,
      731.9417359,
      776.7471667,
      883.5,
      1053.29,
      1193.3,
      789.79
    ],
    "electricity_mu": [
      1402.9,
      1464.0,
      1544.3999999999999,
      1515.5,
      1600.0,
      1665.3,
      1761.26,
      1836.56,
      1686.2
    ],
    "bank_credit_yoy": [
      1619.0,
      1490.0,
      883.0,
      747.0,
      1469.0,
      937.0,
      2906.0,
      1733.0,
      null
    ],
    "epfo_payroll": [
      2067.0,
      1794.0,
      2575.0,
      2541.0,
      3520.0,
      2528.0,
      3767.0,
      3518.0,
      null
    ],
    "gst_zscore": [
      -0.7066706097611867,
      -0.7112392958317321,
      -0.6888627023901422,
      -0.6976745736454418,
      -0.6847791651824906,
      -0.6706449842712121,
      -0.6567479643351665,
      -0.6459918835298388,
      -0.6414122249701039
    ],
    "electricity_zscore": [
      -0.8530513822160217,
      -0.858191203378175,
      -0.8642943538404577,
      -0.8598854179208388,
      -0.8527331223066871,
      -0.8627619684927937,
      -0.8641815047450074,
      -0.8703309399729182,
      -0.8742671700315799
    ],
    "credit_zscore": [
      -0.6580172334424144,
      -0.6198382935453076,
      -0.739330285716956,
      -0.6963111462371464,
      -0.7123373011931982,
      -0.504861424696737,
      -0.5769146382244567,
      -0.6095479237132521,
      null
    ],
    "epfo_zscore": [
      -0.5453834082335975,
      -0.6108372704737562,
      -0.6572624770715427,
      -0.7293997552362296,
      -0.6559539886287257,
      -0.6699717538730935,
      -0.6730972455008336,
      -0.6608161864556229,
      null
    ],
    "n_components": [
      4,
      4,
      4,
      4,
      4,
      4,
      4,
      4,
      2
    ]
  },
  "monthly": {
    "months": [
      "2017-04",
      "2017-05",
      "2017-06",
      "2017-07",
      "2017-08",
      "2017-09",
      "2017-10",
      "2017-11",
      "2017-12",
      "2018-01",
      "2018-02",
      "2018-03",
      "2018-04",
      "2018-05",
      "2018-06",
      "2018-07",
      "2018-08",
      "2018-09",
      "2018-10",
      "2018-11",
      "2018-12",
      "2019-01",
      "2019-02",
      "2019-03",
      "2019-04",
      "2019-05",
      "2019-06",
      "2019-07",
      "2019-08",
      "2019-09",
      "2019-10",
      "2019-11",
      "2019-12",
      "2020-01",
      "2020-02",
      "2020-03",
      "2020-04",
      "2020-05",
      "2020-06",
      "2020-07",
      "2020-08",
      "2020-09",
      "2020-10",
      "2020-11",
      "2020-12",
      "2021-01",
      "2021-02",
      "2021-03",
      "2021-04",
      "2021-05",
      "2021-06",
      "2021-07",
      "2021-08",
      "2021-09",
      "2021-10",
      "2021-11",
      "2021-12",
      "2022-01",
      "2022-02",
      "2022-03",
      "2022-04",
      "2022-05",
      "2022-06",
      "2022-07",
      "2022-08",
      "2022-09",
      "2022-10",
      "2022-11",
      "2022-12",
      "2023-01",
      "2023-02",
      "2023-03",
      "2023-04",
      "2023-05",
      "2023-06",
      "2023-07",
      "2023-08",
      "2023-09",
      "2023-10",
      "2023-11",
      "2023-12",
      "2024-01",
      "2024-02",
      "2024-03",
      "2024-04",
      "2024-05",
      "2024-06",
      "2024-07",
      "2024-08",
      "2024-09",
      "2024-10",
      "2024-11",
      "2024-12",
      "2025-01",
      "2025-02",
      "2025-03",
      "2025-04",
      "2025-05",
      "2025-06",
      "2025-07",
      "2025-08",
      "2025-09",
      "2025-10",
      "2025-11",
      "2025-12",
      "2026-01",
      "2026-02"
    ],
    "gst_total": [
      null,
      null,
      null,
      4e-06,
      37.0952735,
      34.0023347,
      57.2137544,
      35.2972482,
      29.7943913,
      32.2226982,
      34.3328447,
      45.4195635,
      null,
      45.6531648,
      35.2508517,
      45.9780168,
      38.3078295,
      49.4951396,
      44.3053822,
      41.3641027,
      47.9600544,
      52.1717719,
      46.1182725,
      63.8939849,
      61.0164423,
      50.2797701,
      57.9235302,
      48.6589131,
      58.1565725,
      51.6959732,
      54.4193106,
      51.3620885,
      59.238348,
      56.3989448,
      63.2519325,
      67.1025199,
      19.6569892,
      95.0457698,
      64.5419145,
      47.9938711,
      43.1319498,
      50.3720078,
      57.1891193,
      58.1058208,
      74.2829381,
      70.4694146,
      63.2501872,
      87.9017537,
      110.0720797,
      39.142618500000005,
      42.7117987,
      65.231656,
      55.909972,
      50.1190602,
      66.91445039999999,
      57.6855312,
      67.66000000000001,
      73.17999999999999,
      66.07000000000001,
      82.05,
      106.86,
      65.33,
      62.99,
      63.470000000000006,
      55.82,
      64.77000000000001,
      76.22,
      59.61000000000001,
      77.72000000000001,
      80.97,
      79.31,
      90.42999999999999,
      133.38,
      74.67,
      75.16,
      78.1,
      78.24000000000001,
      73.3,
      91.33,
      83.15,
      79.24000000000001,
      80.72000000000001,
      85.27000000000001,
      120.73,
      160.62,
      72.56,
      74.16999999999999,
      71.96,
      85.16999999999999,
      78.72999999999999,
      104.99000000000001,
      98.33000000000001,
      83.05999999999999,
      100.88,
      103.32999999999998,
      159.50000000000003,
      149.39000000000001,
      92.11999999999999,
      87.25999999999999,
      101.26,
      86.58999999999999,
      89.60000000000001,
      99.12,
      84.45,
      null,
      null,
      null
    ],
    "electricity_mu": [
      96.1,
      123.89999999999999,
      129.8,
      123.89999999999999,
      125.8,
      130.8,
      128.5,
      107.0,
      109.8,
      109.2,
      101.9,
      116.2,
      106.2,
      109.3,
      123.7,
      141.4,
      144.7,
      139.7,
      131.9,
      117.9,
      113.2,
      116.5,
      104.2,
      115.3,
      122.1,
      141.0,
      150.6,
      148.29999999999998,
      157.6,
      145.8,
      135.5,
      112.39999999999999,
      106.6,
      111.5,
      100.9,
      112.1,
      102.0,
      121.9,
      134.6,
      144.0,
      151.4,
      142.4,
      153.3,
      113.0,
      109.8,
      113.8,
      101.7,
      127.6,
      144.3,
      144.4,
      138.0,
      148.7,
      152.7,
      151.7,
      155.0,
      112.7,
      107.6,
      111.2,
      101.5,
      132.2,
      147.3,
      142.6,
      138.9,
      167.4,
      171.5,
      157.8,
      148.8,
      123.4,
      115.2,
      120.2,
      109.0,
      123.2,
      150.9,
      164.1,
      161.79,
      179.1,
      168.06,
      171.37,
      161.91,
      124.97,
      121.15,
      122.49,
      109.36,
      126.06,
      168.53,
      164.84,
      162.63,
      183.27,
      162.99,
      180.85,
      169.15,
      131.73,
      124.22,
      124.62,
      110.73,
      153.0,
      167.17,
      166.67,
      177.04,
      181.49,
      180.4,
      188.85,
      186.84,
      138.62,
      131.08,
      130.64000000000001,
      37.4
    ],