{
  "state": "Uttar Pradesh",
  "slug": "uttar-pradesh",
  "region": "Northern",
  "annual": {
    "fiscal_years": [
      "2017-18",
      "2018-19",
      "2019-20",
      "2020-21",
      "2021-22",
      "2022-23",
      "2023-24",
      "2024-25",
      "2025-26"
    ],
    "composite_score": [
      0.8677047492391807,
      0.9924400454367817,
      1.0938492248287657,
      1.436959480857594,
      1.1153812147285207,
      0.9762706398968737,
      1.043735991812577,
      1.0543125158303477,
      null
    ],
    "rank": [
      5.0,
      6.0,
      5.0,
      4.0,
      5.0,
      5.0,
      5.0,
      5.0,
      null
    ],
    "rank_change": [
      null,
      -1.0,
      1.0,
      1.0,
      -1.0,
      0.0,
      0.0,
      0.0,
      null
    ],
    "gst_total": [
      36857.7518568,
      55302.4829678,
      65281.034301,
      59721.2916627,
      73864.9994838,
      87969.83,
      101692.58,
      112212.23,
      78416.93
    ],
    "electricity_mu": [
      117320.8,
      115487.2,
      119867.90000000001,
      122867.9,
      128305.0,
      142478.5,
      147825.71,
      163849.41999999998,
      144401.44
    ],
    "bank_credit_yoy": [
      38639.0,
      77579.0,
      37305.0,
      57563.0,
      81171.0,
      109205.0,
      169132.0,
      106842.0,
      null
    ],
    "epfo_payroll": [
      51628.0,
      252773.0,
      462190.0,
      490109.0,
      680229.0,
      742508.0,
      801520.0,
      780048.0,
      null
    ],
    "gst_zscore": [
      1.0062146485870718,
      1.0522412032850919,
      1.0600503490299238,
      1.073913741941389,
      1.005652889265112,
      0.9609722128354807,
      0.9507363349931532,
      0.9408809948487444,
      0.93639984308308
    ],
    "electricity_zscore": [
      2.00983558008014,
      1.8059109487153768,
      1.9094012379344303,
      2.012028446186892,
      1.8916565924191766,
      1.9630507465999352,
      1.8710513596865441,
      2.032545125149023,
      2.0892199469213386
    ],
    "credit_zscore": [
      0.41839657114423257,
      0.9122084104393968,
      0.820047598098083,
      1.8992108761130118,
      1.0483745677202116,
      0.49899150056194924,
      0.7072989935842496,
      0.628321481979105,
      null
    ],
    "epfo_zscore": [
      0.036372197145277896,
      0.19939961930726133,
      0.5858977142526259,
      0.762684859189084,
      0.5158408095095827,
      0.48206809959012936,
      0.6458572789863611,
      0.6155024613445184,
      null
    ],
    "n_components": [
      4,
      4,
      4,
      4,
      4,
      4,
      4,
      4,
      2
    ]
  },
  "monthly": {
    "months": [
      "2017-04",
      "2017-05",
      "2017-06",
      "2017-07",
      "2017-08",
      "2017-09",
      "2017-10",
      "2017-11",
      "2017-12",
      "2018-01",
      "2018-02",
      "2018-03",
      "2018-04",
      "2018-05",
      "2018-06",
      "2018-07",
      "2018-08",
      "2018-09",
      "2018-10",
      "2018-11",
      "2018-12",
      "2019-01",
      "2019-02",
      "2019-03",
      "2019-04",
      "2019-05",
      "2019-06",
      "2019-07",
      "2019-08",
      "2019-09",
      "2019-10",
      "2019-11",
      "2019-12",
      "2020-01",
      "2020-02",
      "2020-03",
      "2020-04",
      "2020-05",
      "2020-06",
      "2020-07",
      "2020-08",
      "2020-09",
      "2020-10",
      "2020-11",
      "2020-12",
      "2021-01",
      "2021-02",
      "2021-03",
      "2021-04",
      "2021-05",
      "2021-06",
      "2021-07",
      "2021-08",
      "2021-09",
      "2021-10",
      "2021-11",
      "2021-12",
      "2022-01",
      "2022-02",
      "2022-03",
      "2022-04",
      "2022-05",
      "2022-06",
      "2022-07",
      "2022-08",
      "2022-09",
      "2022-10",
      "2022-11",
      "2022-12",
      "2023-01",
      "2023-02",
      "2023-03",
      "2023-04",
      "2023-05",
      "2023-06",
      "2023-07",
      "2023-08",
      "2023-09",
      "2023-10",
      "2023-11",
      "2023-12",
      "2024-01",
      "2024-02",
      "2024-03",
      "2024-04",
      "2024-05",
      "2024-06",
      "2024-07",
      "2024-08",
      "2024-09",
      "2024-10",
      "2024-11",
      "2024-12",
      "2025-01",
      "2025-02",
      "2025-03",
      "2025-04",
      "2025-05",
      "2025-06",
      "2025-07",
      "2025-08",
      "2025-09",
      "2025-10",
      "2025-11",
      "2025-12",
      "2026-01",
      "2026-02"
    ],
    "gst_total": [
      null,
      null,
      null,
      3.1192147,
      4726.994485,
      4839.6665326,
      4676.7134867,
      4168.0586104,
      4388.7758761,
      4674.4193921,
      4596.934667,
      4783.0695922,
      null,
      4615.8302271,
      5032.6615711,
      4983.1080648,
      4763.5594457,
      4811.9468438,
      4835.0676627,
      5158.3414771,
      4956.7793454,
      5485.1097236,
      5112.33236,
      5547.7462465,
      6309.7821222,
      5096.1880257,
      5366.4095281,
      5421.9534715,
      4975.4469337,
      5073.4303222,
      5102.5820669,
      5677.6675209,
      5489.4688709,
      5698.4789042,
      5775.9089919,
      5293.7175428,
      990.0664354,
      3182.6597182,
      5193.5770014,
      5098.9328044,
      5097.5532128,
      5074.8534142,
      5471.4404076,
      5527.9521286,
      5936.920324,
      5885.7059283,
      5996.6221246,
      6265.0081632,
      7354.9989043,
      4709.5558554,
      4588.3635091,
      6010.641528300001,
      5946.121437399999,
      5691.7865221,
      6774.6893904,
      6636.1523368,
      6028.73,
      6985.549999999999,
      6518.65,
      6619.76,
      8534.11,
      6670.05,
      6834.51,
      7074.02,
      6781.37,
      7004.32,
      7838.72,
      7254.48,
      7178.4,
      7755.39,
      7431.0,
      7613.46,
      10320.45,
      7468.36,
      8104.150000000001,
      8802.029999999999,
      7468.469999999999,
      7844.4400000000005,
      8964.449999999999,
      8973.16,
      8010.6,
      8595.619999999999,
      8053.830000000001,
      9087.02,
      12290.119999999999,
      9091.48,
      9601.119999999999,
      9125.02,
      8269.470000000001,
      8056.819999999999,
      9602.009999999998,
      9431.84,
      8116.99,
      9515.57,
      9155.47,
      9956.32,
      13600.49,
      9130.09,
      9248.24,
      9759.52,
      9086.029999999999,
      8967.17,
      9806.060000000001,
      8819.33,
      null,
      null,
      null
    ],