{
  "state": "Uttarakhand",
  "slug": "uttarakhand",
  "region": "Northern",
  "annual": {
    "fiscal_years": [
      "2017-18",
      "2018-19",
      "2019-20",
      "2020-21",
      "2021-22",
      "2022-23",
      "2023-24",
      "2024-25",
      "2025-26"
    ],
    "composite_score": [
      -0.3741975520599676,
      -0.4181015091512647,
      -0.46603310943211573,
      -0.4332523973721841,
      -0.4868474339989723,
      -0.4367305478248794,
      -0.4466736398074813,
      -0.46494883042514,
      null
    ],
    "rank": [
      18.0,
      19.0,
      19.0,
      19.0,
      19.0,
      19.0,
      19.0,
      19.0,
      null
    ],
    "rank_change": [
      null,
      -1.0,
      0.0,
      0.0,
      0.0,
      0.0,
      0.0,
      0.0,
      null
    ],
    "gst_total": [
      10967.0704547,
      13635.3159626,
      14722.1929826,
      12338.7630839,
      13679.5792851,
      16845.22,
      19230.55,
      20670.34,
      13712.54
    ],
    "electricity_mu": [
      13326.5,
      13741.4,
      13828.3,
      13195.2,
      14304.6,
      15326.5,
      15695.99,
      16933.260000000002,
      14657.45
    ],
    "bank_credit_yoy": [
      5514.0,
      8428.0,
      3515.0,
      4189.0,
      7011.0,
      9343.0,
      17709.0,
      12176.0,
      null
    ],
    "epfo_payroll": [
      32649.0,
      88132.0,
      115267.0,
      155479.0,
      155045.0,
      201760.0,
      196467.0,
      158669.0,
      null
    ],
    "gst_zscore": [
      -0.20705174041629978,
      -0.28881693279157017,
      -0.3086945941255828,
      -0.3490945484928228,
      -0.3863541746454497,
      -0.37159211515384505,
      -0.36640748146005186,
      -0.36759263641860473,
      -0.3787505978325552
    ],
    "electricity_zscore": [
      -0.5585677952666851,
      -0.5713351270523626,
      -0.5763397270773587,
      -0.5834747959750094,
      -0.5775555557567782,
      -0.5886115858338897,
      -0.6032368912337782,
      -0.5998348256994808,
      -0.604918694943877
    ],
    "credit_zscore": [
      -0.5447640792321229,
      -0.48014214781798986,
      -0.6266433769749544,
      -0.5390704604984594,
      -0.5899079370929482,
      -0.42692161155042857,
      -0.46255097434717946,
      -0.48656064190441284,
      null
    ],
    "epfo_zscore": [
      -0.1864065933247626,
      -0.3321118289431362,
      -0.35245473955056705,
      -0.2613697845224448,
      -0.3935720685007132,
      -0.35979687876135424,
      -0.35449921218891567,
      -0.4058072176780615,
      null
    ],
    "n_components": [
      4,
      4,
      4,
      4,
      4,
      4,
      4,
      4,
      2
    ]
  },
  "monthly": {
    "months": [
      "2017-04",
      "2017-05",
      "2017-06",
      "2017-07",
      "2017-08",
      "2017-09",
      "2017-10",
      "2017-11",
      "2017-12",
      "2018-01",
      "2018-02",
      "2018-03",
      "2018-04",
      "2018-05",
      "2018-06",
      "2018-07",
      "2018-08",
      "2018-09",
      "2018-10",
      "2018-11",
      "2018-12",
      "2019-01",
      "2019-02",
      "2019-03",
      "2019-04",
      "2019-05",
      "2019-06",
      "2019-07",
      "2019-08",
      "2019-09",
      "2019-10",
      "2019-11",
      "2019-12",
      "2020-01",
      "2020-02",
      "2020-03",
      "2020-04",
      "2020-05",
      "2020-06",
      "2020-07",
      "2020-08",
      "2020-09",
      "2020-10",
      "2020-11",
      "2020-12",
      "2021-01",
      "2021-02",
      "2021-03",
      "2021-04",
      "2021-05",
      "2021-06",
      "2021-07",
      "2021-08",
      "2021-09",
      "2021-10",
      "2021-11",
      "2021-12",
      "2022-01",
      "2022-02",
      "2022-03",
      "2022-04",
      "2022-05",
      "2022-06",
      "2022-07",
      "2022-08",
      "2022-09",
      "2022-10",
      "2022-11",
      "2022-12",
      "2023-01",
      "2023-02",
      "2023-03",
      "2023-04",
      "2023-05",
      "2023-06",
      "2023-07",
      "2023-08",
      "2023-09",
      "2023-10",
      "2023-11",
      "2023-12",
      "2024-01",
      "2024-02",
      "2024-03",
      "2024-04",
      "2024-05",
      "2024-06",
      "2024-07",
      "2024-08",
      "2024-09",
      "2024-10",
      "2024-11",
      "2024-12",
      "2025-01",
      "2025-02",
      "2025-03",
      "2025-04",
      "2025-05",
      "2025-06",
      "2025-07",
      "2025-08",
      "2025-09",
      "2025-10",
      "2025-11",
      "2025-12",
      "2026-01",
      "2026-02"
    ],
    "gst_total": [
      null,
      null,
      null,
      0.1853849,
      1692.8458742,
      1471.422356,
      1685.8015538,
      1238.1131413,
      1186.1785395,
      1261.7330484,
      1166.3490063,
      1264.4415503,
      null,
      1246.6936973,
      1266.0382142,
      1408.1160922,
      1020.1652768,
      1246.5978584,
      1410.8302946,
      1147.5743055,
      1055.2271016,
      1145.6254047,
      1237.3593624,
      1451.0883549,
      1617.2847641,
      1247.7071612,
      1231.6159643,
      1288.8979064,
      941.0814409,
      1016.6469138,
      1153.3361474,
      1280.1961736,
      1213.1152552,
      1256.6411965,
      1280.9333791,
      1194.7366801,
      256.625715,
      614.5833712,
      894.9358914,
      987.8003732,
      1005.7561052,
      1064.7521968,
      1272.2453373,
      1285.5074291,
      1245.8009386,
      1226.0506133,
      1181.1334858,
      1303.571627,
      1421.9361567,
      893.418146,
      702.2943471000001,
      1105.6339822,
      1089.4935974999999,
      1130.6581095,
      1259.3332552,
      1263.2716908999998,
      1076.51,
      1306.09,
      1175.6100000000001,
      1255.3300000000002,
      1886.59,
      1308.61,
      1280.92,
      1389.9,
      1094.21,
      1300.3700000000001,
      1612.61,
      1280.0300000000002,
      1252.4999999999998,
      1510.94,
      1405.3600000000001,
      1523.18,
      2148.43,
      1431.18,
      1522.5500000000002,
      1607.1200000000001,
      1352.92,
      1392.3600000000001,
      1834.4199999999998,
      1600.63,
      1469.67,
      1616.46,
      1525.1699999999998,
      1729.6399999999999,
      2239.03,
      1836.7399999999998,
      1705.05,
      1699.6999999999998,
      1350.7299999999998,
      1581.76,
      1833.7400000000002,
      1823.6,
      1547.39,
      1654.59,
      1655.69,
      1742.32,
      2591.63,
      1605.36,
      1699.43,
      1773.61,
      1447.9,
      1674.96,
      1604.38,
      1315.27,
      null,
      null,
      null
    ],