{
  "state": "West Bengal",
  "slug": "west-bengal",
  "region": "Eastern",
  "annual": {
    "fiscal_years": [
      "2017-18",
      "2018-19",
      "2019-20",
      "2020-21",
      "2021-22",
      "2022-23",
      "2023-24",
      "2024-25",
      "2025-26"
    ],
    "composite_score": [
      0.31317594278504773,
      0.2702689463802316,
      0.2938084717275274,
      0.09142953754458738,
      0.20876142776258635,
      0.1946874510776692,
      0.16704477991681632,
      0.21547996321636237,
      null
    ],
    "rank": [
      11.0,
      11.0,
      11.0,
      11.0,
      12.0,
      10.0,
      12.0,
      10.0,
      null
    ],
    "rank_change": [
      null,
      0.0,
      0.0,
      0.0,
      -1.0,
      2.0,
      -2.0,
      2.0,
      null
    ],
    "gst_total": [
      23332.6471692,
      36089.7448952,
      43386.0805101,
      39693.6358328,
      47898.4827226,
      58059.58,
      62613.0,
      66892.28,
      47582.090000000004
    ],
    "electricity_mu": [
      48382.2,
      52354.8,
      52495.7,
      51023.72,
      53110.8,
      58731.0,
      65124.6829,
      70525.8612,
      63362.287
    ],
    "bank_credit_yoy": [
      24244.0,
      36354.0,
      25534.0,
      8137.0,
      42115.0,
      56412.0,
      66046.0,
      63912.0,
      null
    ],
    "epfo_payroll": [
      97364.0,
      263553.0,
      268409.0,
      221354.0,
      371595.0,
      488262.0,
      476439.0,
      457697.0,
      null
    ],
    "gst_zscore": [
      0.37241306297542226,
      0.4338790596492023,
      0.46730323496559656,
      0.472436337954509,
      0.4050826076685213,
      0.4005848561773179,
      0.32652871911723624,
      0.2930905729407557,
      0.3096656536167539
    ],
    "electricity_zscore": [
      0.3072217547869783,
      0.33085006016961654,
      0.3300871190301034,
      0.31177120696087457,
      0.262974306108143,
      0.2824217263289072,
      0.32237495522149895,
      0.3604141279397886,
      0.4064390057669357
    ],
    "credit_zscore": [
      -0.00016033639290361583,
      0.08214591294607401,
      0.3160819435380142,
      -0.35871420619969807,
      0.18558112775280644,
      0.009498691207552548,
      -0.08911339947479223,
      0.12273458089192035,
      null
    ],
    "epfo_zscore": [
      0.573229289770694,
      0.23420075275603341,
      0.06176158937639533,
      -0.05977518853733601,
      -0.018592330479125382,
      0.08624453059689906,
      0.10838884480332237,
      0.08568057109298483,
      null
    ],
    "n_components": [
      4,
      4,
      4,
      4,
      4,
      4,
      4,
      4,
      2
    ]
  },
  "monthly": {
    "months": [
      "2017-04",
      "2017-05",
      "2017-06",
      "2017-07",
      "2017-08",
      "2017-09",
      "2017-10",
      "2017-11",
      "2017-12",
      "2018-01",
      "2018-02",
      "2018-03",
      "2018-04",
      "2018-05",
      "2018-06",
      "2018-07",
      "2018-08",
      "2018-09",
      "2018-10",
      "2018-11",
      "2018-12",
      "2019-01",
      "2019-02",
      "2019-03",
      "2019-04",
      "2019-05",
      "2019-06",
      "2019-07",
      "2019-08",
      "2019-09",
      "2019-10",
      "2019-11",
      "2019-12",
      "2020-01",
      "2020-02",
      "2020-03",
      "2020-04",
      "2020-05",
      "2020-06",
      "2020-07",
      "2020-08",
      "2020-09",
      "2020-10",
      "2020-11",
      "2020-12",
      "2021-01",
      "2021-02",
      "2021-03",
      "2021-04",
      "2021-05",
      "2021-06",
      "2021-07",
      "2021-08",
      "2021-09",
      "2021-10",
      "2021-11",
      "2021-12",
      "2022-01",
      "2022-02",
      "2022-03",
      "2022-04",
      "2022-05",
      "2022-06",
      "2022-07",
      "2022-08",
      "2022-09",
      "2022-10",
      "2022-11",
      "2022-12",
      "2023-01",
      "2023-02",
      "2023-03",
      "2023-04",
      "2023-05",
      "2023-06",
      "2023-07",
      "2023-08",
      "2023-09",
      "2023-10",
      "2023-11",
      "2023-12",
      "2024-01",
      "2024-02",
      "2024-03",
      "2024-04",
      "2024-05",
      "2024-06",
      "2024-07",
      "2024-08",
      "2024-09",
      "2024-10",
      "2024-11",
      "2024-12",
      "2025-01",
      "2025-02",
      "2025-03",
      "2025-04",
      "2025-05",
      "2025-06",
      "2025-07",
      "2025-08",
      "2025-09",
      "2025-10",
      "2025-11",
      "2025-12",
      "2026-01",
      "2026-02"
    ],
    "gst_total": [
      null,
      null,
      null,
      2.7812456,
      3008.9024086,
      2942.7962052,
      2784.5714755,
      2457.9072195,
      2548.4908329,
      2657.8741242,
      3173.5037381,
      3755.8199196,
      null,
      3108.3939847,
      3111.8644836,
      3288.7286425,
      3124.5397086,
      3130.1626314,
      3235.4101372,
      3034.7750898,
      3230.0024642,
      3495.3654993,
      3489.6779014,
      3840.8243525,
      4209.3285497,
      3576.9054843,
      3513.5450652,
      3585.6912043,
      3503.2297354,
      3255.4932204,
      3263.0407475,
      3459.9399356,
      3748.2476537,
      3746.8684001,
      3941.5295027,
      3582.2610112,
      633.4587587,
      1956.4386348,
      3128.3796989,
      3009.5463088,
      3052.9413632,
      3393.261712,
      3737.6631793,
      3746.9680417,
      4114.3475416,
      4198.8590392,
      4334.9792594,
      4386.7922952,
      5235.8461892000005,
      3590.2096193,
      2743.9435149,
      3462.6833063,
      3678.4528273,
      3778.2933448,
      4259.3996056000005,
      4082.7343152,
      3706.59,
      4474.259999999999,
      4414.43,
      4471.64,
      5643.84,
      4895.79,
      4331.4,
      4441.2300000000005,
      4599.54,
      4804.330000000001,
      5366.7,
      4371.46,
      4582.81,
      4974.679999999999,
      4955.420000000001,
      5092.38,
      6447.24,
      5162.29,
      5053.870000000001,
      5127.84,
      4800.01,
      4940.469999999999,
      4853.280000000001,
      4914.5,
      5018.73,
      5465.21,
      5356.82,
      5472.740000000001,
      7293.459999999999,
      5376.98,
      5272.7,
      5256.58,
      5077.2699999999995,
      5166.710000000001,
      5596.83,
      5205.759999999999,
      5189.53,
      5832.65,
      5796.79,
      5827.0199999999995,
      8187.79,
      6321.41,
      5550.71,
      5895.490000000001,
      5472.74,
      5681.9400000000005,
      5555.68,
      4916.33,
      null,
      null,
      null
    ],